{
  "id": "d0zqmjtn2txg008jan5g",
  "hub": "ibm-q",
  "group": "open",
  "project": "main",
  "backend": "ibm_sherbrooke",
  "state": {
    "status": "Completed"
  },
  "status": "Completed",
  "params": {
    "pubs": [
      [
        "OPENQASM 2.0; include \"qelib1.inc\"; gate rzx(param0) q0,q1 { h q1; cx q0,q1; rz(param0) q1; cx q0,q1; h q1; } gate ecr q0,q1 { rzx(pi/4) q0,q1; x q0; rzx(-pi/4) q0,q1; } qreg q[127]; creg c[32]; rz(-pi) q[2]; sx q[2]; rz(-pi) q[2]; reset q[3]; rz(pi/2) q[3]; sx q[3]; ecr q[3],q[2]; rz(-pi) q[3]; sx q[3]; rz(pi/2) q[3]; rz(-pi/2) q[4]; sx q[4]; ecr q[4],q[3]; rz(-pi) q[3]; sx q[3]; rz(pi/2) q[3]; rz(pi/2) q[4]; sx q[4]; ecr q[4],q[3]; sx q[3]; rz(-pi/2) q[3]; rz(-pi/2) q[4]; sx q[4]; ecr q[4],q[3]; rz(pi/2) q[3]; sx q[3]; rz(pi/2) q[3]; rz(-pi) q[4]; sx q[4]; rz(-pi/2) q[5]; sx q[5]; ecr q[5],q[4]; rz(-pi) q[4]; sx q[4]; rz(pi/2) q[4]; rz(pi/2) q[5]; sx q[5]; ecr q[5],q[4]; sx q[4]; rz(-pi/2) q[4]; rz(-pi/2) q[5]; sx q[5]; ecr q[5],q[4]; rz(pi/2) q[4]; sx q[4]; rz(pi/2) q[4]; rz(-pi) q[5]; sx q[5]; rz(-pi/2) q[6]; sx q[6]; ecr q[6],q[5]; rz(-pi) q[5]; sx q[5]; rz(pi/2) q[5]; rz(pi/2) q[6]; sx q[6]; ecr q[6],q[5]; sx q[5]; rz(-pi/2) q[5]; rz(-pi/2) q[6]; sx q[6]; ecr q[6],q[5]; rz(pi/2) q[5]; sx q[5]; rz(pi/2) q[5]; rz(-pi) q[6]; sx q[6]; rz(-pi/2) q[7]; sx q[7]; rz(-pi) q[7]; ecr q[7],q[6]; rz(-pi/2) q[6]; sx q[6]; rz(pi/2) q[6]; rz(pi/2) q[7]; sx q[7]; rz(pi/2) q[7]; reset q[22]; reset q[33]; reset q[42]; reset q[67]; reset q[83]; reset q[93]; rz(-pi/2) q[121]; sx q[121]; rz(-pi) q[121]; rz(-pi) q[122]; sx q[122]; ecr q[121],q[122]; rz(pi/2) q[121]; sx q[121]; rz(pi/2) q[121]; sx q[122]; rz(-pi/2) q[123]; sx q[123]; rz(-pi) q[123]; ecr q[123],q[122]; rz(-pi/2) q[122]; sx q[122]; rz(pi/2) q[122]; rz(pi/2) q[123]; sx q[123]; rz(pi/2) q[123]; reset q[124]; reset q[125]; barrier q[6],q[2],q[7],q[62],q[122],q[121],q[123],q[76],q[67],q[68],q[66],q[49],q[70],q[69],q[74],q[59],q[125],q[45],q[3],q[106],q[0],q[111],q[91],q[34],q[124],q[113],q[57],q[126],q[56],q[9],q[26],q[102],q[93],q[103],q[104],q[27],q[71],q[44],q[100],q[109],q[83],q[82],q[73],q[28],q[88],q[89],q[87],q[99],q[30],q[58],q[64],q[51],q[96],q[8],q[36],q[118],q[22],q[15],q[20],q[19],q[4],q[21],q[5],q[32],q[38],q[39],q[52],q[37],q[63],q[48],q[65],q[77],q[33],q[18],q[24],q[23],q[101],q[90],q[120],q[112],q[40],q[54],q[75],q[110],q[95],q[107],q[105],q[80],q[84],q[79],q[114],q[94],q[35],q[86],q[47],q[116],q[42],q[53],q[43],q[29],q[60],q[50],q[61],q[25],q[81],q[78],q[119],q[115],q[85],q[117],q[41],q[97],q[14],q[92],q[72],q[46],q[11],q[10],q[12],q[17],q[13],q[31],q[108],q[98],q[1],q[55],q[16]; rz(-pi) q[66]; sx q[66]; rz(-pi) q[66]; rz(-pi) q[67]; sx q[67]; rz(-pi/2) q[68]; sx q[68]; rz(-pi) q[68]; ecr q[68],q[67]; rz(-pi/2) q[67]; sx q[67]; ecr q[67],q[66]; x q[67]; rz(pi/2) q[68]; sx q[68]; rz(pi/2) q[68]; rz(-pi/2) q[69]; sx q[69]; rz(-pi) q[69]; rz(-pi) q[70]; sx q[70]; ecr q[69],q[70]; rz(pi/2) q[69]; sx q[69]; rz(pi/2) q[69]; sx q[70]; rz(-pi/2) q[74]; sx q[74]; rz(-pi) q[74]; ecr q[74],q[70]; rz(-pi/2) q[70]; sx q[70]; rz(pi/2) q[70]; rz(pi/2) q[74]; sx q[74]; rz(pi/2) q[74]; barrier q[6],q[2],q[7],q[62],q[122],q[121],q[123],q[76],q[67],q[68],q[66],q[49],q[70],q[69],q[74],q[59],q[125],q[45],q[3],q[106],q[0],q[111],q[91],q[34],q[124],q[113],q[57],q[126],q[56],q[9],q[26],q[102],q[93],q[103],q[104],q[27],q[71],q[44],q[100],q[109],q[83],q[82],q[73],q[28],q[88],q[89],q[87],q[99],q[30],q[58],q[64],q[51],q[96],q[8],q[36],q[118],q[22],q[15],q[20],q[19],q[4],q[21],q[5],q[32],q[38],q[39],q[52],q[37],q[63],q[48],q[65],q[77],q[33],q[18],q[24],q[23],q[101],q[90],q[120],q[112],q[40],q[54],q[75],q[110],q[95],q[107],q[105],q[80],q[84],q[79],q[114],q[94],q[35],q[86],q[47],q[116],q[42],q[53],q[43],q[29],q[60],q[50],q[61],q[25],q[81],q[78],q[119],q[115],q[85],q[117],q[41],q[97],q[14],q[92],q[72],q[46],q[11],q[10],q[12],q[17],q[13],q[31],q[108],q[98],q[1],q[55],q[16]; rz(-pi/2) q[73]; sx q[73]; rz(-pi) q[73]; rz(-pi/2) q[82]; sx q[82]; rz(-pi) q[82]; rz(-pi) q[83]; sx q[83]; ecr q[82],q[83]; rz(pi/2) q[82]; sx q[82]; rz(pi/2) q[82]; rz(-pi/2) q[83]; sx q[83]; sx q[84]; ecr q[83],q[84]; rz(-pi/2) q[83]; sx q[83]; sx q[84]; rz(-pi/2) q[84]; ecr q[83],q[84]; rz(pi/2) q[83]; sx q[83]; rz(-pi) q[84]; sx q[84]; rz(pi/2) q[84]; ecr q[83],q[84]; sx q[84]; rz(-pi/2) q[84]; rz(-pi/2) q[85]; sx q[85]; ecr q[85],q[84]; rz(-pi) q[84]; sx q[84]; rz(pi/2) q[84]; rz(pi/2) q[85]; sx q[85]; ecr q[85],q[84]; sx q[84]; rz(-pi/2) q[84]; rz(-pi/2) q[85]; sx q[85]; ecr q[85],q[84]; rz(pi/2) q[84]; sx q[84]; rz(pi/2) q[84]; rz(-pi) q[85]; sx q[85]; ecr q[73],q[85]; rz(pi/2) q[73]; sx q[73]; rz(pi/2) q[73]; sx q[85]; rz(-pi/2) q[86]; sx q[86]; ecr q[86],q[85]; rz(-pi) q[85]; sx q[85]; rz(pi/2) q[85]; rz(pi/2) q[86]; sx q[86]; ecr q[86],q[85]; sx q[85]; rz(-pi/2) q[85]; rz(-pi/2) q[86]; sx q[86]; ecr q[86],q[85]; rz(pi/2) q[85]; sx q[85]; rz(pi/2) q[85]; rz(pi/2) q[86]; sx q[86]; rz(-pi/2) q[87]; sx q[87]; rz(-pi) q[87]; rz(-pi) q[88]; sx q[88]; rz(-pi/2) q[89]; sx q[89]; rz(-pi) q[89]; ecr q[89],q[88]; sx q[88]; ecr q[87],q[88]; x q[87]; rz(-pi/2) q[87]; sx q[88]; ecr q[87],q[88]; rz(pi/2) q[87]; sx q[87]; rz(-pi) q[88]; sx q[88]; rz(pi/2) q[88]; ecr q[87],q[88]; rz(-pi/2) q[87]; sx q[87]; sx q[88]; rz(-pi/2) q[88]; ecr q[87],q[88]; sx q[87]; rz(pi/2) q[87]; ecr q[86],q[87]; x q[86]; rz(pi/2) q[88]; sx q[88]; rz(pi/2) q[88]; rz(pi/2) q[89]; sx q[89]; rz(pi/2) q[89]; barrier q[6],q[2],q[7],q[62],q[122],q[121],q[123],q[76],q[67],q[68],q[66],q[49],q[70],q[69],q[74],q[59],q[125],q[45],q[3],q[106],q[0],q[111],q[91],q[34],q[124],q[113],q[57],q[126],q[56],q[9],q[26],q[102],q[93],q[103],q[104],q[27],q[71],q[44],q[100],q[109],q[86],q[82],q[73],q[28],q[87],q[89],q[88],q[99],q[30],q[58],q[64],q[51],q[96],q[8],q[36],q[118],q[22],q[15],q[20],q[19],q[4],q[21],q[5],q[32],q[38],q[39],q[52],q[37],q[63],q[48],q[65],q[77],q[33],q[18],q[24],q[23],q[101],q[90],q[120],q[112],q[40],q[54],q[75],q[110],q[95],q[107],q[105],q[80],q[83],q[79],q[114],q[94],q[35],q[85],q[47],q[116],q[42],q[53],q[43],q[29],q[60],q[50],q[61],q[25],q[81],q[78],q[119],q[115],q[84],q[117],q[41],q[97],q[14],q[92],q[72],q[46],q[11],q[10],q[12],q[17],q[13],q[31],q[108],q[98],q[1],q[55],q[16]; rz(-pi/2) q[4]; sx q[4]; rz(-pi) q[4]; rz(-pi/2) q[5]; sx q[5]; rz(-pi) q[5]; rz(-pi) q[15]; sx q[15]; rz(-pi) q[15]; rz(-pi/2) q[19]; sx q[20]; rz(-pi/2) q[20]; rz(-pi/2) q[21]; sx q[21]; ecr q[21],q[20]; rz(-pi) q[20]; sx q[20]; rz(pi/2) q[20]; rz(pi/2) q[21]; sx q[21]; ecr q[21],q[20]; sx q[20]; rz(-pi/2) q[20]; rz(-pi/2) q[21]; sx q[21]; ecr q[21],q[20]; rz(-pi) q[20]; sx q[20]; rz(pi/2) q[20]; ecr q[19],q[20]; rz(-pi/2) q[19]; sx q[19]; sx q[20]; rz(-pi/2) q[20]; ecr q[19],q[20]; rz(pi/2) q[19]; sx q[19]; rz(-pi) q[20]; sx q[20]; rz(pi/2) q[20]; ecr q[19],q[20]; rz(-pi/2) q[19]; sx q[20]; rz(-pi/2) q[20]; x q[21]; rz(pi/2) q[21]; rz(pi/2) q[22]; sx q[22]; ecr q[22],q[15]; sx q[15]; rz(-pi) q[22]; sx q[22]; rz(pi/2) q[22]; ecr q[21],q[22]; x q[21]; rz(-pi/2) q[21]; ecr q[21],q[20]; rz(-pi) q[20]; sx q[20]; rz(pi/2) q[20]; rz(pi/2) q[21]; sx q[21]; ecr q[21],q[20]; sx q[20]; rz(-pi/2) q[20]; rz(-pi/2) q[21]; sx q[21]; ecr q[21],q[20]; rz(-pi) q[20]; sx q[20]; rz(pi/2) q[20]; ecr q[19],q[20]; rz(-pi/2) q[19]; sx q[19]; sx q[20]; rz(-pi/2) q[20]; ecr q[19],q[20]; rz(pi/2) q[19]; sx q[19]; rz(-pi) q[20]; sx q[20]; rz(pi/2) q[20]; ecr q[19],q[20]; sx q[20]; rz(-pi/2) q[20]; x q[21]; rz(pi/2) q[21]; sx q[22]; ecr q[21],q[22]; x q[21]; rz(-pi/2) q[21]; ecr q[21],q[20]; rz(-pi) q[20]; sx q[20]; rz(pi/2) q[20]; rz(pi/2) q[21]; sx q[21]; ecr q[21],q[20]; sx q[20]; rz(-pi/2) q[20]; rz(-pi/2) q[21]; sx q[21]; ecr q[21],q[20]; rz(pi/2) q[20]; sx q[20]; rz(pi/2) q[20]; rz(pi/2) q[21]; sx q[21]; rz(-pi/2) q[22]; sx q[22]; ecr q[22],q[15]; sx q[15]; rz(-pi/2) q[15]; rz(-pi/2) q[22]; sx q[22]; ecr q[22],q[15]; rz(-pi) q[15]; sx q[15]; rz(pi/2) q[15]; rz(pi/2) q[22]; sx q[22]; ecr q[22],q[15]; sx q[15]; rz(-pi/2) q[15]; ecr q[4],q[15]; x q[4]; rz(-pi/2) q[4]; sx q[15]; sx q[22]; ecr q[21],q[22]; rz(-pi/2) q[21]; sx q[21]; sx q[22]; rz(-pi/2) q[22]; ecr q[21],q[22]; rz(pi/2) q[21]; sx q[21]; rz(-pi) q[22]; sx q[22]; rz(pi/2) q[22]; ecr q[21],q[22]; rz(-pi/2) q[22]; sx q[22]; rz(-pi) q[22]; ecr q[22],q[15]; sx q[15]; ecr q[4],q[15]; rz(pi/2) q[4]; sx q[4]; rz(-pi) q[15]; sx q[15]; rz(pi/2) q[15]; ecr q[4],q[15]; rz(-pi/2) q[4]; sx q[4]; sx q[15]; rz(-pi/2) q[15]; ecr q[4],q[15]; rz(-pi) q[4]; sx q[4]; ecr q[5],q[4]; rz(-pi/2) q[4]; sx q[4]; rz(pi/2) q[4]; rz(pi/2) q[5]; sx q[5]; rz(pi/2) q[5]; rz(pi/2) q[15]; sx q[15]; rz(pi/2) q[15]; rz(pi/2) q[22]; sx q[22]; rz(pi/2) q[22]; barrier q[6],q[2],q[7],q[62],q[122],q[121],q[123],q[76],q[67],q[68],q[66],q[49],q[70],q[69],q[74],q[59],q[125],q[45],q[3],q[106],q[0],q[111],q[91],q[34],q[124],q[113],q[57],q[126],q[56],q[9],q[26],q[102],q[93],q[103],q[104],q[27],q[71],q[44],q[100],q[109],q[86],q[82],q[73],q[28],q[87],q[89],q[88],q[99],q[30],q[58],q[64],q[51],q[96],q[8],q[36],q[118],q[4],q[21],q[19],q[20],q[15],q[22],q[5],q[32],q[38],q[39],q[52],q[37],q[63],q[48],q[65],q[77],q[33],q[18],q[24],q[23],q[101],q[90],q[120],q[112],q[40],q[54],q[75],q[110],q[95],q[107],q[105],q[80],q[83],q[79],q[114],q[94],q[35],q[85],q[47],q[116],q[42],q[53],q[43],q[29],q[60],q[50],q[61],q[25],q[81],q[78],q[119],q[115],q[84],q[117],q[41],q[97],q[14],q[92],q[72],q[46],q[11],q[10],q[12],q[17],q[13],q[31],q[108],q[98],q[1],q[55],q[16]; rz(-pi/2) q[18]; sx q[19]; ecr q[18],q[19]; rz(-pi/2) q[18]; sx q[18]; sx q[19]; rz(-pi/2) q[19]; ecr q[18],q[19]; rz(pi/2) q[18]; sx q[18]; rz(-pi) q[19]; sx q[19]; rz(pi/2) q[19]; ecr q[18],q[19]; rz(-pi/2) q[19]; sx q[19]; rz(-pi) q[19]; rz(-pi/2) q[20]; sx q[20]; rz(-pi/2) q[21]; sx q[21]; sx q[22]; rz(-pi/2) q[23]; sx q[23]; rz(-pi) q[24]; sx q[24]; rz(-pi) q[24]; rz(-pi) q[33]; sx q[33]; ecr q[20],q[33]; rz(pi/2) q[20]; sx q[20]; rz(-pi) q[33]; sx q[33]; rz(pi/2) q[33]; ecr q[20],q[33]; rz(-pi/2) q[20]; sx q[20]; sx q[33]; rz(-pi/2) q[33]; ecr q[20],q[33]; rz(-pi) q[20]; sx q[20]; ecr q[19],q[20]; rz(pi/2) q[19]; sx q[19]; rz(pi/2) q[19]; sx q[20]; ecr q[21],q[20]; rz(-pi) q[20]; sx q[20]; rz(pi/2) q[20]; rz(pi/2) q[21]; sx q[21]; ecr q[21],q[20]; sx q[20]; rz(-pi/2) q[20]; rz(-pi/2) q[21]; sx q[21]; ecr q[21],q[20]; rz(pi/2) q[20]; sx q[20]; rz(pi/2) q[20]; rz(pi/2) q[21]; sx q[21]; ecr q[21],q[22]; rz(-pi/2) q[21]; sx q[21]; sx q[22]; rz(-pi/2) q[22]; ecr q[21],q[22]; rz(pi/2) q[21]; sx q[21]; rz(-pi) q[22]; sx q[22]; rz(pi/2) q[22]; ecr q[21],q[22]; sx q[22]; rz(-pi/2) q[22]; ecr q[23],q[22]; rz(-pi) q[22]; sx q[22]; rz(pi/2) q[22]; rz(pi/2) q[23]; sx q[23]; ecr q[23],q[22]; sx q[22]; rz(-pi/2) q[22]; rz(-pi/2) q[23]; sx q[23]; ecr q[23],q[22]; sx q[22]; rz(pi/2) q[22]; rz(pi/2) q[23]; sx q[23]; ecr q[23],q[24]; x q[23]; rz(-pi/2) q[23]; ecr q[23],q[22]; x q[23]; rz(pi/2) q[33]; sx q[33]; rz(pi/2) q[33]; rz(-pi/2) q[37]; sx q[37]; rz(pi/2) q[38]; sx q[38]; rz(-pi) q[39]; sx q[39]; rz(-pi) q[39]; ecr q[38],q[39]; rz(-pi) q[38]; sx q[38]; rz(pi/2) q[38]; ecr q[37],q[38]; rz(pi/2) q[37]; sx q[37]; rz(-pi) q[38]; sx q[38]; rz(pi/2) q[38]; ecr q[37],q[38]; rz(-pi/2) q[37]; sx q[37]; sx q[38]; rz(-pi/2) q[38]; ecr q[37],q[38]; rz(-pi) q[37]; sx q[37]; sx q[38]; rz(pi/2) q[38]; rz(-pi/2) q[52]; sx q[52]; rz(-pi) q[52]; ecr q[52],q[37]; rz(-pi/2) q[37]; sx q[37]; ecr q[37],q[38]; x q[37]; rz(pi/2) q[52]; sx q[52]; rz(pi/2) q[52]; barrier q[6],q[2],q[7],q[62],q[122],q[121],q[123],q[76],q[67],q[68],q[66],q[49],q[70],q[69],q[74],q[59],q[125],q[45],q[3],q[106],q[0],q[111],q[91],q[34],q[124],q[113],q[57],q[126],q[56],q[9],q[26],q[102],q[93],q[103],q[104],q[27],q[71],q[44],q[100],q[109],q[86],q[82],q[73],q[28],q[87],q[89],q[88],q[99],q[30],q[58],q[64],q[51],q[96],q[8],q[36],q[118],q[4],q[20],q[18],q[33],q[15],q[21],q[5],q[32],q[37],q[39],q[52],q[38],q[63],q[48],q[65],q[77],q[23],q[19],q[24],q[22],q[101],q[90],q[120],q[112],q[40],q[54],q[75],q[110],q[95],q[107],q[105],q[80],q[83],q[79],q[114],q[94],q[35],q[85],q[47],q[116],q[42],q[53],q[43],q[29],q[60],q[50],q[61],q[25],q[81],q[78],q[119],q[115],q[84],q[117],q[41],q[97],q[14],q[92],q[72],q[46],q[11],q[10],q[12],q[17],q[13],q[31],q[108],q[98],q[1],q[55],q[16]; sx q[4]; rz(-pi/2) q[5]; ecr q[5],q[4]; sx q[4]; rz(-pi/2) q[4]; rz(-pi/2) q[5]; sx q[5]; ecr q[5],q[4]; rz(-pi) q[4]; sx q[4]; rz(pi/2) q[4]; rz(pi/2) q[5]; sx q[5]; ecr q[5],q[4]; rz(-pi/2) q[4]; sx q[15]; rz(-pi/2) q[15]; rz(-pi/2) q[18]; rz(-pi) q[19]; sx q[19]; rz(-pi) q[19]; ecr q[18],q[19]; x q[18]; rz(-pi/2) q[20]; rz(-pi/2) q[21]; rz(-pi/2) q[22]; sx q[22]; ecr q[22],q[15]; rz(-pi) q[15]; sx q[15]; rz(pi/2) q[15]; rz(pi/2) q[22]; sx q[22]; ecr q[22],q[15]; sx q[15]; rz(-pi/2) q[15]; rz(-pi/2) q[22]; sx q[22]; ecr q[22],q[15]; sx q[15]; rz(pi/2) q[15]; ecr q[4],q[15]; x q[4]; rz(-pi) q[22]; sx q[22]; rz(-pi/2) q[23]; sx q[23]; ecr q[23],q[22]; rz(-pi) q[22]; sx q[22]; rz(pi/2) q[22]; rz(pi/2) q[23]; sx q[23]; ecr q[23],q[22]; sx q[22]; rz(-pi/2) q[22]; rz(-pi/2) q[23]; sx q[23]; ecr q[23],q[22]; rz(pi/2) q[22]; sx q[22]; rz(pi/2) q[22]; rz(pi/2) q[23]; sx q[23]; rz(-pi) q[24]; sx q[24]; rz(-pi) q[24]; ecr q[23],q[24]; x q[23]; rz(-pi/2) q[33]; sx q[37]; rz(-pi/2) q[38]; sx q[38]; sx q[39]; ecr q[33],q[39]; rz(-pi/2) q[33]; sx q[33]; sx q[39]; rz(-pi/2) q[39]; ecr q[33],q[39]; rz(pi/2) q[33]; sx q[33]; rz(-pi) q[39]; sx q[39]; rz(pi/2) q[39]; ecr q[33],q[39]; rz(-pi) q[33]; sx q[33]; rz(-pi) q[33]; ecr q[20],q[33]; rz(-pi/2) q[20]; sx q[20]; rz(-pi) q[20]; rz(-pi/2) q[33]; sx q[33]; sx q[39]; rz(-pi/2) q[39]; ecr q[38],q[39]; rz(pi/2) q[38]; sx q[38]; rz(-pi) q[39]; sx q[39]; rz(pi/2) q[39]; ecr q[38],q[39]; rz(-pi/2) q[38]; sx q[38]; sx q[39]; rz(-pi/2) q[39]; ecr q[38],q[39]; rz(-pi) q[38]; sx q[38]; rz(-pi) q[39]; sx q[39]; ecr q[33],q[39]; rz(pi/2) q[33]; sx q[33]; rz(-pi) q[39]; sx q[39]; rz(pi/2) q[39]; ecr q[33],q[39]; rz(-pi/2) q[33]; sx q[33]; sx q[39]; rz(-pi/2) q[39]; ecr q[33],q[39]; rz(-pi) q[33]; sx q[33]; ecr q[20],q[33]; rz(pi/2) q[20]; sx q[20]; rz(-pi) q[33]; sx q[33]; rz(pi/2) q[33]; ecr q[20],q[33]; rz(-pi/2) q[20]; sx q[20]; sx q[33]; rz(-pi/2) q[33]; ecr q[20],q[33]; sx q[20]; rz(pi/2) q[20]; ecr q[21],q[20]; x q[21]; rz(pi/2) q[33]; sx q[33]; rz(pi/2) q[33]; rz(pi/2) q[39]; sx q[39]; rz(pi/2) q[39]; rz(-pi/2) q[52]; ecr q[52],q[37]; sx q[37]; rz(-pi/2) q[37]; rz(-pi/2) q[52]; sx q[52]; ecr q[52],q[37]; rz(-pi) q[37]; sx q[37]; rz(pi/2) q[37]; rz(pi/2) q[52]; sx q[52]; ecr q[52],q[37]; rz(-pi/2) q[37]; sx q[37]; rz(-pi) q[37]; ecr q[37],q[38]; rz(pi/2) q[37]; sx q[37]; rz(pi/2) q[37]; rz(-pi/2) q[38]; sx q[38]; rz(pi/2) q[38]; barrier q[6],q[2],q[7],q[62],q[122],q[121],q[123],q[76],q[67],q[68],q[66],q[49],q[70],q[69],q[74],q[59],q[125],q[45],q[3],q[106],q[0],q[111],q[91],q[34],q[124],q[113],q[57],q[126],q[56],q[9],q[26],q[102],q[93],q[103],q[104],q[27],q[71],q[44],q[100],q[109],q[86],q[82],q[73],q[28],q[87],q[89],q[88],q[99],q[30],q[58],q[64],q[51],q[96],q[8],q[36],q[118],q[5],q[33],q[18],q[38],q[23],q[21],q[4],q[32],q[52],q[39],q[37],q[20],q[63],q[48],q[65],q[77],q[22],q[19],q[24],q[15],q[101],q[90],q[120],q[112],q[40],q[54],q[75],q[110],q[95],q[107],q[105],q[80],q[83],q[79],q[114],q[94],q[35],q[85],q[47],q[116],q[42],q[53],q[43],q[29],q[60],q[50],q[61],q[25],q[81],q[78],q[119],q[115],q[84],q[117],q[41],q[97],q[14],q[92],q[72],q[46],q[11],q[10],q[12],q[17],q[13],q[31],q[108],q[98],q[1],q[55],q[16]; rz(1.0771174812307862) q[5]; rz(-pi/2) q[19]; sx q[20]; ecr q[19],q[20]; rz(-pi/2) q[19]; sx q[19]; sx q[20]; rz(-pi/2) q[20]; ecr q[19],q[20]; rz(pi/2) q[19]; sx q[19]; rz(-pi) q[20]; sx q[20]; rz(pi/2) q[20]; ecr q[19],q[20]; rz(-pi/2) q[20]; sx q[20]; rz(-pi) q[20]; rz(-pi/2) q[21]; rz(-pi/2) q[33]; rz(-pi/2) q[38]; sx q[38]; rz(-pi) q[38]; sx q[39]; ecr q[33],q[39]; rz(-pi/2) q[33]; sx q[33]; sx q[39]; rz(-pi/2) q[39]; ecr q[33],q[39]; rz(pi/2) q[33]; sx q[33]; rz(-pi) q[39]; sx q[39]; rz(pi/2) q[39]; ecr q[33],q[39]; sx q[33]; rz(-pi/2) q[33]; ecr q[20],q[33]; rz(-pi/2) q[20]; sx q[20]; rz(pi/11) q[20]; sx q[20]; sx q[33]; ecr q[20],q[33]; rz(-pi) q[20]; sx q[20]; rz(pi/2) q[20]; ecr q[21],q[20]; sx q[20]; rz(-pi/2) q[20]; rz(-pi/2) q[21]; sx q[21]; ecr q[21],q[20]; rz(-pi) q[20]; sx q[20]; rz(pi/2) q[20]; rz(pi/2) q[21]; sx q[21]; ecr q[21],q[20]; rz(-pi/2) q[20]; sx q[20]; rz(-pi) q[20]; x q[33]; rz(pi/2) q[33]; sx q[39]; rz(-pi/2) q[39]; ecr q[38],q[39]; rz(-pi/2) q[38]; sx q[38]; rz(pi/5) q[38]; sx q[38]; sx q[39]; ecr q[38],q[39]; rz(pi/2) q[38]; sx q[38]; rz(pi/2) q[38]; sx q[39]; ecr q[33],q[39]; rz(pi/2) q[33]; sx q[33]; rz(-pi) q[39]; sx q[39]; rz(pi/2) q[39]; ecr q[33],q[39]; rz(-pi/2) q[33]; sx q[33]; sx q[39]; rz(-pi/2) q[39]; ecr q[33],q[39]; rz(-pi) q[33]; sx q[33]; ecr q[20],q[33]; rz(-pi/2) q[20]; sx q[20]; rz(pi/7) q[20]; sx q[20]; sx q[33]; ecr q[20],q[33]; rz(pi/2) q[20]; sx q[20]; rz(pi/2) q[20]; rz(-pi/2) q[33]; sx q[33]; rz(pi/2) q[33]; rz(pi/2) q[39]; sx q[39]; rz(pi/2) q[39]; rz(pi/11) q[52]; barrier q[6],q[2],q[7],q[62],q[122],q[121],q[123],q[76],q[67],q[68],q[66],q[49],q[70],q[69],q[74],q[59],q[125],q[45],q[3],q[106],q[0],q[111],q[91],q[34],q[124],q[113],q[57],q[126],q[56],q[9],q[26],q[102],q[93],q[103],q[104],q[27],q[71],q[44],q[100],q[109],q[86],q[82],q[73],q[28],q[87],q[89],q[88],q[99],q[30],q[58],q[64],q[51],q[96],q[8],q[36],q[118],q[5],q[33],q[18],q[38],q[23],q[20],q[4],q[32],q[52],q[39],q[37],q[19],q[63],q[48],q[65],q[77],q[22],q[21],q[24],q[15],q[101],q[90],q[120],q[112],q[40],q[54],q[75],q[110],q[95],q[107],q[105],q[80],q[83],q[79],q[114],q[94],q[35],q[85],q[47],q[116],q[42],q[53],q[43],q[29],q[60],q[50],q[61],q[25],q[81],q[78],q[119],q[115],q[84],q[117],q[41],q[97],q[14],q[92],q[72],q[46],q[11],q[10],q[12],q[17],q[13],q[31],q[108],q[98],q[1],q[55],q[16]; rz(-pi/2) q[20]; sx q[20]; rz(-pi) q[20]; rz(-pi/2) q[21]; rz(-pi/2) q[33]; sx q[33]; rz(-pi) q[33]; rz(-pi/2) q[38]; sx q[38]; rz(-pi) q[38]; sx q[39]; rz(pi/2) q[40]; sx q[40]; ecr q[40],q[39]; sx q[39]; rz(-pi/2) q[39]; rz(-pi/2) q[40]; sx q[40]; ecr q[40],q[39]; rz(-pi) q[39]; sx q[39]; rz(pi/2) q[39]; rz(pi/2) q[40]; sx q[40]; ecr q[40],q[39]; sx q[39]; rz(-pi/2) q[39]; ecr q[33],q[39]; x q[33]; rz(-pi/2) q[33]; sx q[39]; ecr q[38],q[39]; rz(pi/2) q[38]; sx q[38]; rz(pi/2) q[38]; sx q[39]; ecr q[33],q[39]; rz(pi/2) q[33]; sx q[33]; rz(-pi) q[39]; sx q[39]; rz(pi/2) q[39]; ecr q[33],q[39]; rz(-pi/2) q[33]; sx q[33]; sx q[39]; rz(-pi/2) q[39]; ecr q[33],q[39]; rz(-pi) q[33]; sx q[33]; ecr q[20],q[33]; rz(-pi) q[20]; sx q[20]; rz(pi/2) q[20]; ecr q[21],q[20]; sx q[20]; rz(-pi/2) q[20]; rz(-pi/2) q[21]; sx q[21]; ecr q[21],q[20]; rz(-pi) q[20]; sx q[20]; rz(pi/2) q[20]; rz(pi/2) q[21]; sx q[21]; ecr q[21],q[20]; rz(-pi/2) q[20]; sx q[20]; rz(-pi) q[20]; rz(-pi/2) q[33]; sx q[33]; rz(-pi) q[39]; sx q[39]; rz(pi/2) q[39]; rz(-pi/2) q[40]; ecr q[40],q[39]; sx q[39]; rz(-pi/2) q[39]; rz(-pi/2) q[40]; sx q[40]; ecr q[40],q[39]; rz(-pi) q[39]; sx q[39]; rz(pi/2) q[39]; rz(pi/2) q[40]; sx q[40]; ecr q[40],q[39]; rz(-pi) q[39]; sx q[39]; rz(-pi) q[39]; ecr q[33],q[39]; rz(-pi) q[33]; sx q[33]; rz(pi/2) q[33]; ecr q[20],q[33]; rz(pi/2) q[20]; sx q[20]; rz(pi/2) q[20]; rz(-pi/2) q[33]; sx q[33]; rz(-2.7708847204661975) q[33]; barrier q[6],q[2],q[7],q[62],q[122],q[121],q[123],q[76],q[67],q[68],q[66],q[49],q[70],q[69],q[74],q[59],q[125],q[45],q[3],q[106],q[0],q[111],q[91],q[34],q[124],q[113],q[57],q[126],q[56],q[9],q[26],q[102],q[93],q[103],q[104],q[27],q[71],q[44],q[100],q[109],q[86],q[82],q[73],q[28],q[87],q[89],q[88],q[99],q[30],q[58],q[64],q[51],q[96],q[8],q[36],q[118],q[5],q[40],q[18],q[38],q[23],q[21],q[4],q[32],q[52],q[39],q[37],q[19],q[63],q[48],q[65],q[77],q[22],q[20],q[24],q[15],q[101],q[90],q[120],q[112],q[33],q[54],q[75],q[110],q[95],q[107],q[105],q[80],q[83],q[79],q[114],q[94],q[35],q[85],q[47],q[116],q[42],q[53],q[43],q[29],q[60],q[50],q[61],q[25],q[81],q[78],q[119],q[115],q[84],q[117],q[41],q[97],q[14],q[92],q[72],q[46],q[11],q[10],q[12],q[17],q[13],q[31],q[108],q[98],q[1],q[55],q[16]; sx q[39]; rz(-pi/2) q[39]; sx q[40]; rz(-pi/2) q[40]; rz(-pi/2) q[41]; sx q[41]; ecr q[41],q[40]; rz(-pi) q[40]; sx q[40]; rz(pi/2) q[40]; rz(pi/2) q[41]; sx q[41]; ecr q[41],q[40]; sx q[40]; rz(-pi/2) q[40]; rz(-pi/2) q[41]; sx q[41]; ecr q[41],q[40]; x q[40]; rz(-pi/2) q[40]; ecr q[40],q[39]; rz(-pi) q[39]; sx q[39]; rz(pi/2) q[39]; rz(pi/2) q[40]; sx q[40]; ecr q[40],q[39]; sx q[39]; rz(-pi/2) q[39]; rz(-pi/2) q[40]; sx q[40]; ecr q[40],q[39]; rz(pi/2) q[39]; sx q[39]; rz(pi/2) q[39]; rz(-pi) q[40]; sx q[40]; rz(pi/2) q[41]; sx q[41]; sx q[42]; rz(-pi/2) q[43]; sx q[43]; sx q[44]; rz(-pi/2) q[45]; sx q[45]; sx q[46]; rz(-pi/2) q[47]; sx q[47]; sx q[48]; sx q[49]; sx q[53]; ecr q[41],q[53]; rz(-pi/2) q[41]; sx q[41]; sx q[53]; rz(-pi/2) q[53]; ecr q[41],q[53]; rz(pi/2) q[41]; sx q[41]; rz(-pi) q[53]; sx q[53]; rz(pi/2) q[53]; ecr q[41],q[53]; rz(-pi/2) q[41]; sx q[41]; ecr q[41],q[40]; rz(-pi) q[40]; sx q[40]; rz(pi/2) q[40]; rz(pi/2) q[41]; sx q[41]; ecr q[41],q[40]; sx q[40]; rz(-pi/2) q[40]; rz(-pi/2) q[41]; sx q[41]; ecr q[41],q[40]; rz(pi/2) q[40]; sx q[40]; rz(pi/2) q[40]; sx q[41]; rz(pi/2) q[41]; rz(-pi/2) q[53]; sx q[55]; sx q[60]; ecr q[53],q[60]; rz(-pi/2) q[53]; sx q[53]; sx q[60]; rz(-pi/2) q[60]; ecr q[53],q[60]; rz(pi/2) q[53]; sx q[53]; rz(-pi) q[60]; sx q[60]; rz(pi/2) q[60]; ecr q[53],q[60]; sx q[60]; rz(-pi/2) q[60]; rz(-pi/2) q[61]; sx q[61]; ecr q[61],q[60]; rz(-pi) q[60]; sx q[60]; rz(pi/2) q[60]; rz(pi/2) q[61]; sx q[61]; ecr q[61],q[60]; sx q[60]; rz(-pi/2) q[60]; rz(-pi/2) q[61]; sx q[61]; ecr q[61],q[60]; rz(pi/2) q[60]; sx q[60]; rz(pi/2) q[60]; x q[61]; rz(pi/2) q[61]; sx q[62]; rz(-pi/2) q[63]; sx q[63]; rz(-pi/2) q[64]; sx q[64]; sx q[65]; rz(-pi) q[66]; sx q[66]; rz(-pi) q[66]; rz(-pi) q[67]; sx q[67]; rz(-pi/2) q[68]; sx q[68]; rz(-pi) q[68]; ecr q[68],q[67]; rz(-pi/2) q[67]; sx q[67]; ecr q[67],q[66]; rz(0.019999999999999574) q[66]; sx q[66]; rz(-pi/2) q[66]; rz(-pi) q[67]; sx q[67]; rz(pi/2) q[67]; rz(pi/2) q[68]; sx q[68]; rz(0.009999999999999787) q[68]; sx q[68]; ecr q[68],q[67]; rz(-pi) q[67]; sx q[67]; rz(pi/2) q[67]; rz(pi/2) q[68]; sx q[68]; ecr q[68],q[67]; sx q[67]; rz(-pi/2) q[67]; rz(-pi/2) q[68]; sx q[68]; ecr q[68],q[67]; rz(-pi) q[67]; sx q[67]; rz(-pi) q[68]; sx q[68]; x q[69]; rz(-pi/2) q[69]; ecr q[69],q[68]; rz(-pi) q[68]; sx q[68]; rz(pi/2) q[68]; rz(pi/2) q[69]; sx q[69]; ecr q[69],q[68]; sx q[68]; rz(-pi/2) q[68]; rz(-pi/2) q[69]; sx q[69]; ecr q[69],q[68]; rz(-pi) q[68]; sx q[68]; x q[69]; rz(pi/2) q[69]; rz(-pi) q[70]; sx q[70]; ecr q[69],q[70]; x q[69]; rz(pi/2) q[69]; ecr q[69],q[68]; x q[68]; rz(pi/2) q[68]; ecr q[68],q[67]; rz(-pi) q[67]; sx q[67]; rz(pi/2) q[67]; rz(pi/2) q[68]; sx q[68]; ecr q[68],q[67]; sx q[67]; rz(-pi/2) q[67]; rz(-pi/2) q[68]; sx q[68]; ecr q[68],q[67]; rz(-pi) q[67]; sx q[67]; sx q[68]; rz(pi/2) q[68]; x q[69]; rz(-pi/2) q[69]; sx q[70]; ecr q[69],q[70]; rz(pi/2) q[69]; sx q[69]; rz(-pi) q[70]; sx q[70]; rz(pi/2) q[70]; ecr q[69],q[70]; rz(-pi/2) q[69]; sx q[69]; sx q[70]; rz(-pi/2) q[70]; ecr q[69],q[70]; rz(pi/2) q[69]; sx q[69]; ecr q[69],q[68]; rz(-pi/2) q[68]; sx q[68]; rz(-pi) q[68]; ecr q[68],q[67]; x q[67]; rz(pi/2) q[67]; ecr q[67],q[66]; rz(-pi) q[66]; sx q[66]; rz(pi/2) q[66]; rz(pi/2) q[67]; sx q[67]; ecr q[67],q[66]; sx q[66]; rz(-pi/2) q[66]; rz(-pi/2) q[67]; sx q[67]; ecr q[67],q[66]; rz(-pi) q[66]; sx q[66]; sx q[67]; rz(pi/2) q[67]; rz(-pi) q[68]; sx q[68]; rz(pi/2) q[68]; x q[69]; rz(-pi/2) q[69]; ecr q[69],q[68]; sx q[68]; rz(-pi/2) q[68]; rz(-pi/2) q[69]; sx q[69]; ecr q[69],q[68]; rz(-pi) q[68]; sx q[68]; rz(pi/2) q[68]; rz(pi/2) q[69]; sx q[69]; ecr q[69],q[68]; rz(-pi/2) q[68]; ecr q[68],q[67]; rz(-pi/2) q[67]; sx q[67]; rz(-pi) q[67]; ecr q[67],q[66]; rz(pi/2) q[66]; sx q[66]; rz(-9*pi/16) q[66]; sx q[66]; rz(pi/2) q[66]; x q[67]; rz(-pi/2) q[67]; ecr q[67],q[66]; rz(-pi) q[66]; sx q[66]; rz(pi/2) q[66]; rz(pi/2) q[67]; sx q[67]; ecr q[67],q[66]; sx q[66]; rz(-pi/2) q[66]; rz(-pi/2) q[67]; sx q[67]; ecr q[67],q[66]; rz(-pi) q[66]; sx q[66]; rz(pi/2) q[66]; rz(-pi) q[67]; sx q[67]; rz(-pi/2) q[68]; ecr q[68],q[67]; rz(-pi) q[67]; sx q[67]; rz(pi/2) q[67]; rz(pi/2) q[68]; sx q[68]; ecr q[68],q[67]; sx q[67]; rz(-pi/2) q[67]; rz(-pi/2) q[68]; sx q[68]; ecr q[68],q[67]; rz(pi/2) q[67]; sx q[67]; ecr q[67],q[66]; sx q[66]; rz(-pi/2) q[66]; rz(-pi/2) q[67]; sx q[67]; ecr q[67],q[66]; rz(-pi) q[66]; sx q[66]; rz(pi/2) q[66]; rz(pi/2) q[67]; sx q[67]; ecr q[67],q[66]; rz(-pi/2) q[66]; ecr q[66],q[65]; sx q[65]; rz(-pi/2) q[65]; rz(-pi/2) q[66]; sx q[66]; ecr q[66],q[65]; rz(-pi) q[65]; sx q[65]; rz(pi/2) q[65]; rz(pi/2) q[66]; sx q[66]; ecr q[66],q[65]; sx q[65]; rz(-pi/2) q[65]; ecr q[64],q[65]; rz(pi/2) q[64]; sx q[64]; rz(-pi) q[65]; sx q[65]; rz(pi/2) q[65]; ecr q[64],q[65]; rz(-pi/2) q[64]; sx q[64]; sx q[65]; rz(-pi/2) q[65]; ecr q[64],q[65]; rz(-pi) q[64]; sx q[64]; ecr q[63],q[64]; rz(pi/2) q[63]; sx q[63]; rz(-pi) q[64]; sx q[64]; rz(pi/2) q[64]; ecr q[63],q[64]; rz(-pi/2) q[63]; sx q[63]; sx q[64]; rz(-pi/2) q[64]; ecr q[63],q[64]; rz(pi/2) q[63]; sx q[63]; ecr q[63],q[62]; sx q[62]; rz(-pi/2) q[62]; rz(-pi/2) q[63]; sx q[63]; ecr q[63],q[62]; rz(-pi) q[62]; sx q[62]; rz(pi/2) q[62]; rz(pi/2) q[63]; sx q[63]; ecr q[63],q[62]; sx q[62]; rz(-pi/2) q[62]; ecr q[61],q[62]; rz(pi/2) q[61]; sx q[61]; rz(pi/2) q[61]; rz(-pi/2) q[62]; sx q[62]; rz(pi/2) q[62]; rz(pi/2) q[64]; sx q[64]; rz(pi/2) q[64]; rz(pi/2) q[65]; sx q[65]; rz(pi/2) q[65]; rz(-pi) q[67]; sx q[67]; rz(-pi) q[67]; rz(-pi) q[68]; sx q[68]; rz(-pi/2) q[69]; sx q[69]; rz(-pi) q[70]; sx q[70]; ecr q[69],q[70]; rz(pi/2) q[69]; sx q[69]; rz(-pi) q[70]; sx q[70]; rz(pi/2) q[70]; ecr q[69],q[70]; rz(-pi/2) q[69]; sx q[69]; sx q[70]; rz(-pi/2) q[70]; ecr q[69],q[70]; x q[69]; rz(pi/2) q[69]; ecr q[69],q[68]; sx q[68]; x q[69]; rz(-pi/2) q[69]; rz(-pi) q[70]; sx q[70]; ecr q[69],q[70]; rz(pi/2) q[69]; sx q[69]; rz(-pi) q[70]; sx q[70]; rz(pi/2) q[70]; ecr q[69],q[70]; rz(-pi/2) q[69]; sx q[69]; sx q[70]; rz(-pi/2) q[70]; ecr q[69],q[70]; x q[69]; rz(pi/2) q[69]; ecr q[69],q[68]; rz(-pi/2) q[68]; sx q[68]; ecr q[68],q[67]; rz(pi/2) q[68]; sx q[68]; rz(-pi) q[68]; ecr q[68],q[55]; sx q[55]; rz(-pi/2) q[55]; rz(-pi/2) q[68]; sx q[68]; ecr q[68],q[55]; rz(-pi) q[55]; sx q[55]; rz(pi/2) q[55]; rz(pi/2) q[68]; sx q[68]; ecr q[68],q[55]; rz(-pi/2) q[55]; ecr q[55],q[49]; sx q[49]; rz(-pi/2) q[49]; rz(-pi/2) q[55]; sx q[55]; ecr q[55],q[49]; rz(-pi) q[49]; sx q[49]; rz(pi/2) q[49]; rz(pi/2) q[55]; sx q[55]; ecr q[55],q[49]; rz(-pi/2) q[49]; ecr q[49],q[48]; sx q[48]; rz(-pi/2) q[48]; rz(-pi/2) q[49]; sx q[49]; ecr q[49],q[48]; rz(-pi) q[48]; sx q[48]; rz(pi/2) q[48]; rz(pi/2) q[49]; sx q[49]; ecr q[49],q[48]; sx q[48]; rz(-pi/2) q[48]; ecr q[47],q[48]; rz(pi/2) q[47]; sx q[47]; rz(-pi) q[48]; sx q[48]; rz(pi/2) q[48]; ecr q[47],q[48]; rz(-pi/2) q[47]; sx q[47]; sx q[48]; rz(-pi/2) q[48]; ecr q[47],q[48]; rz(pi/2) q[47]; sx q[47]; ecr q[47],q[46]; sx q[46]; rz(-pi/2) q[46]; rz(-pi/2) q[47]; sx q[47]; ecr q[47],q[46]; rz(-pi) q[46]; sx q[46]; rz(pi/2) q[46]; rz(pi/2) q[47]; sx q[47]; ecr q[47],q[46]; sx q[46]; rz(-pi/2) q[46]; ecr q[45],q[46]; rz(pi/2) q[45]; sx q[45]; rz(-pi) q[46]; sx q[46]; rz(pi/2) q[46]; ecr q[45],q[46]; rz(-pi/2) q[45]; sx q[45]; sx q[46]; rz(-pi/2) q[46]; ecr q[45],q[46]; rz(pi/2) q[45]; sx q[45]; ecr q[45],q[44]; sx q[44]; rz(-pi/2) q[44]; rz(-pi/2) q[45]; sx q[45]; ecr q[45],q[44]; rz(-pi) q[44]; sx q[44]; rz(pi/2) q[44]; rz(pi/2) q[45]; sx q[45]; ecr q[45],q[44]; sx q[44]; rz(-pi/2) q[44]; ecr q[43],q[44]; rz(pi/2) q[43]; sx q[43]; rz(-pi) q[44]; sx q[44]; rz(pi/2) q[44]; ecr q[43],q[44]; rz(-pi/2) q[43]; sx q[43]; sx q[44]; rz(-pi/2) q[44]; ecr q[43],q[44]; rz(pi/2) q[43]; sx q[43]; ecr q[43],q[42]; sx q[42]; rz(-pi/2) q[42]; rz(-pi/2) q[43]; sx q[43]; ecr q[43],q[42]; rz(-pi) q[42]; sx q[42]; rz(pi/2) q[42]; rz(pi/2) q[43]; sx q[43]; ecr q[43],q[42]; rz(-pi/2) q[42]; ecr q[42],q[41]; x q[42]; rz(pi/2) q[44]; sx q[44]; rz(pi/2) q[44]; rz(pi/2) q[46]; sx q[46]; rz(pi/2) q[46]; rz(pi/2) q[48]; sx q[48]; rz(pi/2) q[48]; rz(pi/2) q[69]; sx q[69]; rz(pi/2) q[69]; rz(pi/2) q[70]; sx q[70]; rz(pi/2) q[70]; measure q[62] -> c[0]; reset q[62]; measure q[42] -> c[1]; reset q[42]; barrier q[6],q[2],q[7],q[63],q[122],q[121],q[123],q[76],q[70],q[69],q[67],q[55],q[62],q[42],q[74],q[59],q[125],q[46],q[3],q[106],q[0],q[111],q[91],q[34],q[124],q[113],q[57],q[126],q[56],q[9],q[26],q[102],q[93],q[103],q[104],q[27],q[71],q[45],q[100],q[109],q[86],q[82],q[73],q[28],q[87],q[89],q[88],q[99],q[30],q[58],q[65],q[51],q[96],q[8],q[36],q[118],q[5],q[61],q[18],q[38],q[23],q[21],q[4],q[32],q[52],q[41],q[37],q[19],q[64],q[49],q[66],q[77],q[22],q[20],q[24],q[15],q[101],q[90],q[120],q[112],q[33],q[54],q[75],q[110],q[95],q[107],q[105],q[80],q[83],q[79],q[114],q[94],q[35],q[85],q[48],q[116],q[43],q[40],q[44],q[29],q[53],q[50],q[60],q[25],q[81],q[78],q[119],q[115],q[84],q[117],q[39],q[97],q[14],q[92],q[72],q[47],q[11],q[10],q[12],q[17],q[13],q[31],q[108],q[98],q[1],q[68],q[16]; rz(-pi/2) q[38]; sx q[38]; rz(-pi) q[38]; sx q[39]; rz(-pi) q[40]; sx q[40]; rz(-pi) q[40]; sx q[41]; sx q[42]; rz(pi/2) q[43]; sx q[43]; ecr q[43],q[42]; sx q[42]; rz(-pi/2) q[42]; rz(-pi/2) q[43]; sx q[43]; ecr q[43],q[42]; rz(-pi) q[42]; sx q[42]; rz(pi/2) q[42]; rz(pi/2) q[43]; sx q[43]; ecr q[43],q[42]; rz(-pi/2) q[42]; ecr q[42],q[41]; sx q[41]; rz(-pi/2) q[41]; rz(-pi/2) q[42]; sx q[42]; ecr q[42],q[41]; rz(-pi) q[41]; sx q[41]; rz(pi/2) q[41]; rz(pi/2) q[42]; sx q[42]; ecr q[42],q[41]; rz(-pi/2) q[41]; ecr q[41],q[40]; rz(-pi/2) q[40]; ecr q[40],q[39]; sx q[39]; rz(-pi/2) q[39]; rz(-pi/2) q[40]; sx q[40]; ecr q[40],q[39]; rz(-pi) q[39]; sx q[39]; rz(pi/2) q[39]; rz(pi/2) q[40]; sx q[40]; ecr q[40],q[39]; sx q[39]; rz(-pi/2) q[39]; ecr q[38],q[39]; rz(pi/2) q[38]; sx q[38]; sx q[39]; rz(pi/2) q[39]; ecr q[38],q[39]; rz(-pi/2) q[38]; sx q[38]; sx q[39]; rz(-pi/2) q[39]; ecr q[38],q[39]; rz(pi/2) q[38]; sx q[38]; rz(-pi) q[39]; sx q[39]; rz(pi/2) q[39]; ecr q[38],q[39]; sx q[39]; rz(-pi/2) q[39]; rz(-pi/2) q[40]; sx q[40]; ecr q[40],q[39]; rz(-pi) q[39]; sx q[39]; rz(pi/2) q[39]; rz(pi/2) q[40]; sx q[40]; ecr q[40],q[39]; sx q[39]; rz(-pi/2) q[39]; rz(-pi/2) q[40]; sx q[40]; ecr q[40],q[39]; rz(pi/2) q[39]; sx q[39]; rz(pi/2) q[39]; rz(-pi) q[40]; sx q[40]; rz(-pi) q[41]; sx q[41]; rz(pi/2) q[41]; rz(-pi/2) q[42]; sx q[42]; ecr q[42],q[41]; rz(-pi) q[41]; sx q[41]; rz(pi/2) q[41]; rz(pi/2) q[42]; sx q[42]; ecr q[42],q[41]; sx q[41]; rz(-pi/2) q[41]; rz(-pi/2) q[42]; sx q[42]; ecr q[42],q[41]; rz(-pi) q[41]; sx q[41]; rz(-pi) q[42]; sx q[42]; rz(-pi/2) q[43]; sx q[43]; sx q[44]; rz(-pi/2) q[44]; ecr q[43],q[44]; rz(pi/2) q[43]; sx q[43]; rz(-pi) q[44]; sx q[44]; rz(pi/2) q[44]; ecr q[43],q[44]; rz(-pi/2) q[43]; sx q[43]; sx q[44]; rz(-pi/2) q[44]; ecr q[43],q[44]; x q[43]; rz(pi/2) q[43]; ecr q[43],q[42]; x q[42]; rz(pi/2) q[42]; ecr q[42],q[41]; rz(-pi) q[41]; sx q[41]; rz(pi/2) q[41]; rz(pi/2) q[42]; sx q[42]; ecr q[42],q[41]; sx q[41]; rz(-pi/2) q[41]; rz(-pi/2) q[42]; sx q[42]; ecr q[42],q[41]; rz(pi/2) q[41]; sx q[41]; sx q[42]; rz(pi/2) q[42]; rz(pi/2) q[43]; sx q[43]; ecr q[43],q[42]; rz(-pi/2) q[42]; x q[43]; rz(pi/2) q[44]; sx q[44]; rz(pi/2) q[44]; x q[53]; rz(-pi/2) q[53]; rz(-pi) q[60]; sx q[60]; rz(pi/2) q[60]; rz(-pi/2) q[61]; ecr q[61],q[60]; sx q[60]; rz(-pi/2) q[60]; rz(-pi/2) q[61]; sx q[61]; ecr q[61],q[60]; rz(-pi) q[60]; sx q[60]; rz(pi/2) q[60]; rz(pi/2) q[61]; sx q[61]; ecr q[61],q[60]; sx q[60]; rz(-pi/2) q[60]; ecr q[53],q[60]; rz(pi/2) q[53]; sx q[53]; rz(-pi) q[60]; sx q[60]; rz(pi/2) q[60]; ecr q[53],q[60]; rz(-pi/2) q[53]; sx q[53]; sx q[60]; rz(-pi/2) q[60]; ecr q[53],q[60]; sx q[53]; rz(pi/2) q[53]; ecr q[41],q[53]; rz(-pi/2) q[41]; sx q[41]; rz(-pi) q[41]; ecr q[41],q[40]; rz(-pi) q[40]; sx q[40]; rz(pi/2) q[40]; rz(pi/2) q[41]; sx q[41]; ecr q[41],q[40]; sx q[40]; rz(-pi/2) q[40]; rz(-pi/2) q[41]; sx q[41]; ecr q[41],q[40]; rz(pi/2) q[40]; sx q[40]; rz(pi/2) q[40]; rz(pi/2) q[41]; sx q[41]; rz(-pi/2) q[53]; sx q[60]; rz(pi/2) q[60]; ecr q[53],q[60]; rz(-pi/2) q[53]; sx q[53]; sx q[60]; rz(-pi/2) q[61]; ecr q[61],q[60]; sx q[60]; rz(-pi/2) q[60]; rz(-pi/2) q[61]; sx q[61]; ecr q[61],q[60]; rz(-pi) q[60]; sx q[60]; rz(pi/2) q[60]; rz(pi/2) q[61]; sx q[61]; ecr q[61],q[60]; sx q[60]; rz(-pi/2) q[60]; ecr q[53],q[60]; rz(-pi) q[53]; sx q[53]; rz(pi/2) q[53]; ecr q[41],q[53]; rz(-pi/2) q[41]; sx q[41]; sx q[53]; rz(-pi/2) q[53]; ecr q[41],q[53]; rz(pi/2) q[41]; sx q[41]; rz(-pi) q[53]; sx q[53]; rz(pi/2) q[53]; ecr q[41],q[53]; sx q[41]; ecr q[42],q[41]; sx q[41]; rz(-pi/2) q[41]; rz(-pi/2) q[42]; sx q[42]; ecr q[42],q[41]; rz(-pi) q[41]; sx q[41]; rz(pi/2) q[41]; rz(pi/2) q[42]; sx q[42]; ecr q[42],q[41]; rz(-pi/2) q[41]; rz(-pi/2) q[42]; rz(-pi/2) q[53]; sx q[60]; rz(pi/2) q[60]; ecr q[53],q[60]; rz(-pi/2) q[53]; sx q[53]; sx q[60]; rz(-pi/2) q[60]; ecr q[53],q[60]; rz(pi/2) q[53]; sx q[53]; rz(-pi) q[60]; sx q[60]; rz(pi/2) q[60]; ecr q[53],q[60]; sx q[53]; ecr q[41],q[53]; rz(-pi/2) q[41]; sx q[41]; sx q[53]; rz(-pi/2) q[53]; ecr q[41],q[53]; rz(pi/2) q[41]; sx q[41]; rz(-pi) q[53]; sx q[53]; rz(pi/2) q[53]; ecr q[41],q[53]; rz(-pi/2) q[41]; rz(-pi/2) q[53]; sx q[60]; rz(-pi/2) q[60]; rz(-pi/2) q[61]; sx q[61]; rz(-pi) q[61]; ecr q[61],q[60]; sx q[60]; rz(pi/2) q[60]; ecr q[53],q[60]; rz(-pi/2) q[53]; sx q[53]; sx q[60]; rz(-pi/2) q[60]; ecr q[53],q[60]; rz(pi/2) q[53]; sx q[53]; rz(-pi) q[60]; sx q[60]; rz(pi/2) q[60]; ecr q[53],q[60]; sx q[53]; ecr q[41],q[53]; rz(-pi/2) q[41]; sx q[41]; sx q[53]; rz(-pi/2) q[53]; ecr q[41],q[53]; rz(pi/2) q[41]; sx q[41]; rz(-pi) q[53]; sx q[53]; rz(pi/2) q[53]; ecr q[41],q[53]; sx q[41]; ecr q[42],q[41]; sx q[41]; rz(-pi/2) q[41]; rz(-pi/2) q[42]; sx q[42]; ecr q[42],q[41]; rz(-pi) q[41]; sx q[41]; rz(pi/2) q[41]; rz(pi/2) q[42]; sx q[42]; ecr q[42],q[41]; rz(-pi/2) q[41]; sx q[41]; rz(-pi) q[41]; rz(-pi/2) q[53]; sx q[60]; rz(-pi/2) q[60]; x q[61]; rz(pi/2) q[61]; ecr q[61],q[60]; rz(-pi) q[60]; sx q[60]; rz(pi/2) q[60]; ecr q[53],q[60]; rz(2.818008610270045) q[53]; sx q[53]; rz(pi/2) q[53]; ecr q[41],q[53]; rz(pi/2) q[41]; sx q[41]; rz(pi/2) q[41]; rz(-pi/2) q[53]; sx q[53]; rz(-pi) q[60]; sx q[60]; rz(-pi) q[60]; ecr q[53],q[60]; rz(pi/2) q[53]; sx q[53]; rz(-pi) q[53]; sx q[60]; ecr q[53],q[60]; rz(-pi/2) q[53]; sx q[53]; sx q[60]; rz(-pi/2) q[60]; ecr q[53],q[60]; rz(pi/2) q[53]; sx q[53]; rz(-pi) q[60]; sx q[60]; rz(pi/2) q[60]; ecr q[53],q[60]; sx q[60]; rz(-pi/2) q[60]; rz(-pi/2) q[61]; sx q[62]; ecr q[61],q[62]; rz(-pi/2) q[61]; sx q[61]; sx q[62]; rz(-pi/2) q[62]; ecr q[61],q[62]; rz(pi/2) q[61]; sx q[61]; rz(-pi) q[62]; sx q[62]; rz(pi/2) q[62]; ecr q[61],q[62]; rz(-pi/2) q[61]; sx q[61]; ecr q[61],q[60]; rz(-pi) q[60]; sx q[60]; rz(pi/2) q[60]; rz(pi/2) q[61]; sx q[61]; ecr q[61],q[60]; sx q[60]; rz(-pi/2) q[60]; rz(-pi/2) q[61]; sx q[61]; ecr q[61],q[60]; rz(pi/2) q[60]; sx q[60]; rz(pi/2) q[60]; x q[61]; rz(pi/2) q[61]; sx q[62]; rz(-pi/2) q[62]; rz(-pi/2) q[72]; sx q[72]; ecr q[72],q[62]; rz(-pi) q[62]; sx q[62]; rz(pi/2) q[62]; rz(pi/2) q[72]; sx q[72]; ecr q[72],q[62]; sx q[62]; rz(-pi/2) q[62]; rz(-pi/2) q[72]; sx q[72]; ecr q[72],q[62]; rz(-pi) q[62]; sx q[62]; rz(pi/2) q[62]; rz(-pi) q[72]; sx q[72]; x q[81]; rz(-pi/2) q[81]; ecr q[81],q[72]; rz(-pi) q[72]; sx q[72]; rz(pi/2) q[72]; rz(pi/2) q[81]; sx q[81]; ecr q[81],q[72]; sx q[72]; rz(-pi/2) q[72]; rz(-pi/2) q[81]; sx q[81]; ecr q[81],q[72]; rz(-pi) q[72]; sx q[72]; rz(pi/2) q[81]; sx q[81]; rz(-pi) q[82]; sx q[82]; rz(-pi) q[82]; ecr q[81],q[82]; x q[81]; rz(-pi/2) q[81]; rz(-11*pi/12) q[82]; sx q[82]; rz(-pi) q[82]; ecr q[81],q[82]; rz(-pi/2) q[81]; sx q[81]; ecr q[81],q[72]; rz(-pi/2) q[72]; sx q[72]; ecr q[72],q[62]; sx q[62]; rz(-pi/2) q[62]; rz(-pi/2) q[72]; sx q[72]; ecr q[72],q[62]; rz(-pi) q[62]; sx q[62]; rz(pi/2) q[62]; rz(pi/2) q[72]; sx q[72]; ecr q[72],q[62]; sx q[62]; rz(-pi/2) q[62]; ecr q[61],q[62]; rz(pi/2) q[61]; sx q[61]; rz(pi/2) q[61]; rz(-pi) q[62]; rz(pi/2) q[81]; sx q[81]; rz(pi/2) q[81]; measure q[62] -> c[8]; barrier q[6],q[2],q[7],q[63],q[122],q[121],q[123],q[76],q[70],q[69],q[67],q[55],q[60],q[44],q[74],q[59],q[125],q[46],q[3],q[106],q[0],q[111],q[91],q[34],q[124],q[113],q[57],q[126],q[56],q[9],q[26],q[102],q[93],q[103],q[104],q[27],q[71],q[45],q[100],q[109],q[86],q[82],q[73],q[28],q[87],q[89],q[88],q[99],q[30],q[58],q[65],q[51],q[96],q[8],q[36],q[118],q[5],q[41],q[18],q[42],q[23],q[21],q[4],q[32],q[52],q[53],q[37],q[19],q[64],q[49],q[66],q[77],q[22],q[20],q[24],q[15],q[101],q[90],q[120],q[112],q[33],q[54],q[75],q[110],q[95],q[107],q[105],q[80],q[83],q[79],q[114],q[94],q[35],q[85],q[48],q[116],q[40],q[38],q[43],q[29],q[81],q[50],q[61],q[25],q[62],q[78],q[119],q[115],q[84],q[117],q[39],q[97],q[14],q[92],q[72],q[47],q[11],q[10],q[12],q[17],q[13],q[31],q[108],q[98],q[1],q[68],q[16]; rz(pi/2) q[14]; sx q[14]; sx q[18]; ecr q[14],q[18]; rz(-pi/2) q[14]; sx q[14]; sx q[18]; rz(-pi/2) q[18]; ecr q[14],q[18]; rz(pi/2) q[14]; sx q[14]; rz(-pi) q[18]; sx q[18]; rz(pi/2) q[18]; ecr q[14],q[18]; rz(-pi/2) q[18]; sx q[19]; ecr q[18],q[19]; rz(-pi/2) q[18]; sx q[18]; sx q[19]; rz(-pi/2) q[19]; ecr q[18],q[19]; rz(pi/2) q[18]; sx q[18]; rz(-pi) q[19]; sx q[19]; rz(pi/2) q[19]; ecr q[18],q[19]; rz(-pi/2) q[19]; rz(pi/10) q[20]; sx q[33]; ecr q[20],q[33]; rz(-pi/2) q[20]; sx q[20]; sx q[33]; rz(-pi/2) q[33]; ecr q[20],q[33]; rz(pi/2) q[20]; sx q[20]; rz(-pi) q[33]; sx q[33]; rz(pi/2) q[33]; ecr q[20],q[33]; sx q[20]; ecr q[19],q[20]; rz(-pi/2) q[19]; sx q[19]; sx q[20]; rz(-pi/2) q[20]; ecr q[19],q[20]; rz(pi/2) q[19]; sx q[19]; rz(-pi) q[20]; sx q[20]; rz(pi/2) q[20]; ecr q[19],q[20]; rz(-pi/2) q[20]; rz(-pi/2) q[33]; rz(-pi) q[39]; sx q[39]; rz(-pi/2) q[40]; sx q[40]; ecr q[40],q[39]; rz(-pi) q[39]; sx q[39]; rz(pi/2) q[39]; rz(pi/2) q[40]; sx q[40]; ecr q[40],q[39]; sx q[39]; rz(-pi/2) q[39]; rz(-pi/2) q[40]; sx q[40]; ecr q[40],q[39]; rz(-pi) q[39]; sx q[39]; rz(pi/2) q[39]; ecr q[33],q[39]; rz(-pi/2) q[33]; sx q[33]; sx q[39]; rz(-pi/2) q[39]; ecr q[33],q[39]; rz(pi/2) q[33]; sx q[33]; rz(-pi) q[39]; sx q[39]; rz(pi/2) q[39]; ecr q[33],q[39]; sx q[33]; ecr q[20],q[33]; rz(-pi/2) q[20]; sx q[20]; sx q[33]; rz(-pi/2) q[33]; ecr q[20],q[33]; rz(pi/2) q[20]; sx q[20]; rz(-pi) q[33]; sx q[33]; rz(pi/2) q[33]; ecr q[20],q[33]; rz(-pi/2) q[33]; sx q[39]; rz(-pi/2) q[39]; sx q[40]; rz(pi/2) q[40]; rz(-pi/5) q[41]; ecr q[41],q[40]; sx q[40]; rz(-pi/2) q[40]; rz(-pi/2) q[41]; sx q[41]; rz(-pi) q[41]; ecr q[41],q[40]; rz(-pi) q[40]; sx q[40]; rz(pi/2) q[40]; rz(pi/2) q[41]; sx q[41]; ecr q[41],q[40]; sx q[40]; rz(-pi/2) q[40]; rz(-pi/2) q[41]; sx q[41]; ecr q[41],q[40]; x q[40]; rz(-pi/2) q[40]; ecr q[40],q[39]; rz(-pi) q[39]; sx q[39]; rz(pi/2) q[39]; rz(pi/2) q[40]; sx q[40]; ecr q[40],q[39]; sx q[39]; rz(-pi/2) q[39]; rz(-pi/2) q[40]; sx q[40]; ecr q[40],q[39]; rz(-pi) q[39]; sx q[39]; rz(-pi) q[40]; sx q[40]; sx q[41]; rz(pi/2) q[41]; ecr q[42],q[41]; rz(-pi/2) q[41]; sx q[41]; rz(-pi) q[41]; x q[42]; rz(-pi/2) q[42]; rz(-pi/2) q[43]; sx q[43]; sx q[44]; rz(-pi/2) q[45]; sx q[45]; rz(pi/5) q[53]; sx q[53]; rz(-pi/2) q[53]; ecr q[41],q[53]; x q[41]; rz(pi/2) q[41]; ecr q[41],q[40]; x q[40]; rz(pi/2) q[40]; ecr q[40],q[39]; rz(-pi) q[39]; sx q[39]; rz(pi/2) q[39]; rz(pi/2) q[40]; sx q[40]; ecr q[40],q[39]; sx q[39]; rz(-pi/2) q[39]; rz(-pi/2) q[40]; sx q[40]; ecr q[40],q[39]; rz(-pi) q[39]; sx q[39]; rz(-pi) q[40]; sx q[40]; rz(-pi/2) q[41]; sx q[41]; rz(-0.3235840433197481) q[41]; sx q[41]; ecr q[41],q[40]; x q[40]; rz(pi/2) q[40]; ecr q[40],q[39]; rz(-pi) q[39]; sx q[39]; rz(pi/2) q[39]; rz(pi/2) q[40]; sx q[40]; ecr q[40],q[39]; sx q[39]; rz(-pi/2) q[39]; rz(-pi/2) q[40]; sx q[40]; ecr q[40],q[39]; sx q[39]; rz(pi/2) q[39]; ecr q[33],q[39]; x q[33]; rz(-pi/2) q[33]; sx q[39]; ecr q[33],q[39]; rz(-pi/2) q[33]; sx q[33]; sx q[39]; rz(-pi/2) q[39]; ecr q[33],q[39]; rz(pi/2) q[33]; sx q[33]; rz(-pi) q[39]; sx q[39]; rz(pi/2) q[39]; ecr q[33],q[39]; rz(-pi/2) q[33]; sx q[39]; rz(-pi/2) q[39]; rz(-pi) q[40]; sx q[40]; sx q[41]; rz(pi/2) q[41]; ecr q[42],q[41]; rz(-pi/2) q[41]; sx q[41]; rz(-pi) q[41]; rz(-pi/2) q[42]; sx q[42]; rz(-pi) q[42]; sx q[53]; ecr q[41],q[53]; x q[41]; rz(pi/2) q[41]; ecr q[41],q[40]; x q[40]; rz(pi/2) q[40]; ecr q[40],q[39]; rz(-pi) q[39]; sx q[39]; rz(pi/2) q[39]; rz(pi/2) q[40]; sx q[40]; ecr q[40],q[39]; sx q[39]; rz(-pi/2) q[39]; rz(-pi/2) q[40]; sx q[40]; ecr q[40],q[39]; sx q[39]; rz(pi/2) q[39]; rz(-pi) q[40]; sx q[40]; rz(-pi) q[41]; sx q[41]; ecr q[42],q[41]; rz(-pi) q[41]; sx q[41]; rz(pi/2) q[41]; rz(pi/2) q[42]; sx q[42]; ecr q[42],q[41]; sx q[41]; rz(-pi/2) q[41]; rz(-pi/2) q[42]; sx q[42]; ecr q[42],q[41]; x q[41]; rz(pi/2) q[41]; ecr q[41],q[40]; sx q[40]; x q[41]; rz(-pi/2) q[41]; rz(-pi) q[42]; sx q[42]; ecr q[43],q[42]; rz(-pi) q[42]; sx q[42]; rz(pi/2) q[42]; rz(pi/2) q[43]; sx q[43]; ecr q[43],q[42]; sx q[42]; rz(-pi/2) q[42]; rz(-pi/2) q[43]; sx q[43]; ecr q[43],q[42]; rz(pi/2) q[42]; sx q[42]; rz(pi/2) q[42]; rz(pi/2) q[43]; sx q[43]; ecr q[43],q[44]; rz(-pi/2) q[43]; sx q[43]; sx q[44]; rz(-pi/2) q[44]; ecr q[43],q[44]; rz(pi/2) q[43]; sx q[43]; rz(-pi) q[44]; sx q[44]; rz(pi/2) q[44]; ecr q[43],q[44]; sx q[44]; rz(-pi/2) q[44]; ecr q[45],q[44]; rz(-pi) q[44]; sx q[44]; rz(pi/2) q[44]; rz(pi/2) q[45]; sx q[45]; ecr q[45],q[44]; sx q[44]; rz(-pi/2) q[44]; rz(-pi/2) q[45]; sx q[45]; ecr q[45],q[44]; rz(pi/2) q[44]; sx q[44]; rz(pi/2) q[44]; rz(-pi) q[45]; sx q[45]; sx q[53]; ecr q[41],q[53]; rz(pi/2) q[41]; sx q[41]; rz(-pi) q[53]; sx q[53]; rz(pi/2) q[53]; ecr q[41],q[53]; rz(-pi/2) q[41]; sx q[41]; sx q[53]; rz(-pi/2) q[53]; ecr q[41],q[53]; x q[41]; rz(pi/2) q[41]; ecr q[41],q[40]; rz(-pi/2) q[40]; sx q[40]; ecr q[40],q[39]; sx q[39]; ecr q[33],q[39]; rz(-pi/2) q[33]; sx q[33]; sx q[39]; rz(-pi/2) q[39]; ecr q[33],q[39]; rz(pi/2) q[33]; sx q[33]; rz(-pi) q[39]; sx q[39]; rz(pi/2) q[39]; ecr q[33],q[39]; rz(-pi/2) q[33]; rz(-pi) q[39]; sx q[39]; rz(-pi) q[39]; x q[40]; rz(-1.3281082943050846) q[40]; ecr q[40],q[39]; sx q[39]; ecr q[33],q[39]; rz(-pi/2) q[33]; sx q[33]; sx q[39]; rz(-pi/2) q[39]; ecr q[33],q[39]; rz(pi/2) q[33]; sx q[33]; rz(-pi) q[39]; sx q[39]; rz(pi/2) q[39]; ecr q[33],q[39]; rz(-pi) q[39]; sx q[39]; rz(-pi) q[39]; rz(-pi) q[40]; sx q[40]; rz(pi/2) q[40]; x q[41]; rz(-pi/2) q[41]; ecr q[41],q[40]; rz(-pi) q[40]; sx q[40]; rz(pi/2) q[40]; rz(pi/2) q[41]; sx q[41]; ecr q[41],q[40]; sx q[40]; rz(-pi/2) q[40]; rz(-pi/2) q[41]; sx q[41]; ecr q[41],q[40]; sx q[40]; rz(pi/2) q[40]; rz(pi/2) q[41]; sx q[41]; sx q[53]; rz(pi/2) q[53]; ecr q[41],q[53]; x q[41]; rz(-pi/2) q[41]; ecr q[41],q[40]; sx q[40]; x q[41]; rz(-pi/2) q[41]; ecr q[41],q[40]; sx q[40]; rz(-pi/2) q[40]; rz(-pi/2) q[41]; sx q[41]; ecr q[41],q[40]; rz(-pi) q[40]; sx q[40]; rz(pi/2) q[40]; rz(pi/2) q[41]; sx q[41]; ecr q[41],q[40]; rz(-pi/2) q[40]; ecr q[40],q[39]; x q[40]; rz(-pi/2) q[54]; sx q[54]; ecr q[54],q[45]; rz(-pi) q[45]; sx q[45]; rz(pi/2) q[45]; rz(pi/2) q[54]; sx q[54]; ecr q[54],q[45]; sx q[45]; rz(-pi/2) q[45]; rz(-pi/2) q[54]; sx q[54]; ecr q[54],q[45]; rz(pi/2) q[45]; sx q[45]; rz(pi/2) q[45]; rz(-pi) q[54]; sx q[54]; rz(-pi/2) q[64]; sx q[64]; sx q[65]; sx q[66]; rz(-pi/2) q[73]; ecr q[73],q[66]; sx q[66]; rz(-pi/2) q[66]; rz(-pi/2) q[73]; sx q[73]; ecr q[73],q[66]; rz(-pi) q[66]; sx q[66]; rz(pi/2) q[66]; rz(pi/2) q[73]; sx q[73]; ecr q[73],q[66]; rz(-pi/2) q[66]; ecr q[66],q[65]; sx q[65]; rz(-pi/2) q[65]; rz(-pi/2) q[66]; sx q[66]; ecr q[66],q[65]; rz(-pi) q[65]; sx q[65]; rz(pi/2) q[65]; rz(pi/2) q[66]; sx q[66]; ecr q[66],q[65]; sx q[65]; rz(-pi/2) q[65]; ecr q[64],q[65]; rz(pi/2) q[64]; sx q[64]; rz(-pi) q[65]; sx q[65]; rz(pi/2) q[65]; ecr q[64],q[65]; rz(-pi/2) q[64]; sx q[64]; sx q[65]; rz(-pi/2) q[65]; ecr q[64],q[65]; x q[64]; rz(pi/2) q[64]; ecr q[64],q[54]; sx q[54]; rz(-pi/2) q[64]; sx q[64]; rz(-0.1941504259918485) q[64]; sx q[64]; ecr q[64],q[54]; rz(-pi) q[54]; rz(pi/2) q[64]; sx q[64]; rz(pi/2) q[64]; rz(pi/2) q[65]; sx q[65]; rz(pi/2) q[65]; measure q[54] -> c[16]; measure q[40] -> c[17]; barrier q[6],q[2],q[7],q[63],q[122],q[121],q[123],q[76],q[70],q[69],q[67],q[55],q[60],q[43],q[74],q[59],q[125],q[46],q[3],q[106],q[0],q[111],q[91],q[34],q[124],q[113],q[57],q[126],q[56],q[9],q[26],q[102],q[93],q[103],q[104],q[27],q[71],q[44],q[100],q[109],q[86],q[82],q[64],q[28],q[87],q[89],q[88],q[99],q[30],q[58],q[66],q[51],q[96],q[8],q[36],q[118],q[5],q[33],q[14],q[53],q[23],q[21],q[4],q[32],q[52],q[41],q[37],q[18],q[65],q[49],q[73],q[77],q[22],q[39],q[24],q[15],q[101],q[90],q[120],q[112],q[19],q[45],q[75],q[110],q[95],q[107],q[105],q[80],q[83],q[79],q[114],q[94],q[35],q[85],q[48],q[116],q[20],q[38],q[42],q[29],q[81],q[50],q[61],q[25],q[62],q[78],q[119],q[115],q[84],q[117],q[54],q[97],q[40],q[92],q[72],q[47],q[11],q[10],q[12],q[17],q[13],q[31],q[108],q[98],q[1],q[68],q[16]; rz(-pi/2) q[10]; sx q[10]; rz(-pi) q[10]; rz(-pi) q[11]; sx q[11]; ecr q[10],q[11]; rz(-pi/2) q[10]; sx q[10]; rz(-0.5) q[10]; sx q[10]; rz(-pi/2) q[11]; sx q[11]; rz(-pi) q[12]; sx q[12]; rz(-pi) q[12]; ecr q[11],q[12]; x q[11]; rz(-pi/2) q[11]; rz(-1.2707963267948965) q[12]; sx q[12]; rz(-pi) q[13]; sx q[13]; ecr q[12],q[13]; rz(pi/2) q[12]; sx q[12]; rz(-pi) q[13]; sx q[13]; rz(pi/2) q[13]; ecr q[12],q[13]; rz(-pi/2) q[12]; sx q[12]; sx q[13]; rz(-pi/2) q[13]; ecr q[12],q[13]; rz(-pi) q[12]; sx q[12]; rz(pi/2) q[12]; ecr q[11],q[12]; rz(-pi/2) q[11]; sx q[11]; sx q[12]; rz(-pi/2) q[12]; ecr q[11],q[12]; rz(pi/2) q[11]; sx q[11]; rz(-pi) q[12]; sx q[12]; rz(pi/2) q[12]; ecr q[11],q[12]; sx q[11]; rz(-pi/2) q[11]; ecr q[10],q[11]; rz(pi/2) q[10]; sx q[10]; rz(-pi/2) q[11]; sx q[11]; sx q[12]; rz(-pi/2) q[12]; sx q[13]; rz(pi/2) q[13]; rz(-pi/2) q[17]; sx q[17]; rz(-pi) q[17]; ecr q[17],q[12]; sx q[12]; rz(pi/2) q[12]; ecr q[11],q[12]; rz(-pi/2) q[11]; sx q[11]; sx q[12]; rz(-pi/2) q[12]; ecr q[11],q[12]; rz(pi/2) q[11]; sx q[11]; rz(-pi) q[12]; sx q[12]; rz(pi/2) q[12]; ecr q[11],q[12]; sx q[11]; ecr q[10],q[11]; rz(-pi/2) q[10]; sx q[10]; sx q[11]; rz(-pi/2) q[11]; ecr q[10],q[11]; rz(pi/2) q[10]; sx q[10]; rz(-pi) q[11]; sx q[11]; rz(pi/2) q[11]; ecr q[10],q[11]; rz(-pi/2) q[11]; sx q[11]; rz(-pi) q[11]; rz(-pi/2) q[12]; ecr q[12],q[13]; rz(-pi) q[12]; sx q[12]; rz(pi/2) q[12]; rz(-pi) q[13]; sx q[13]; rz(-pi) q[13]; rz(-pi/2) q[17]; sx q[17]; rz(-0.6999999999999993) q[17]; sx q[17]; ecr q[17],q[12]; rz(pi/2) q[12]; sx q[12]; rz(-2.0561723917745196) q[12]; sx q[12]; rz(pi/2) q[12]; ecr q[11],q[12]; rz(pi/2) q[11]; sx q[11]; rz(pi/2) q[11]; rz(-pi/2) q[12]; sx q[12]; ecr q[12],q[13]; rz(-pi) q[12]; sx q[12]; rz(pi/2) q[12]; x q[17]; rz(pi/2) q[17]; ecr q[17],q[12]; rz(-pi/2) q[12]; sx q[12]; rz(pi/2) q[12]; x q[17]; rz(-pi/2) q[17]; sx q[30]; rz(pi/2) q[31]; sx q[31]; ecr q[31],q[30]; sx q[30]; rz(-pi/2) q[30]; rz(-pi/2) q[31]; sx q[31]; ecr q[31],q[30]; rz(-pi) q[30]; sx q[30]; rz(pi/2) q[30]; rz(pi/2) q[31]; sx q[31]; ecr q[31],q[30]; sx q[30]; rz(-pi/2) q[30]; rz(pi/2) q[33]; sx q[33]; rz(-2.641592653589793) q[33]; sx q[33]; rz(pi/2) q[33]; rz(pi/2) q[41]; sx q[41]; rz(-2.441592653589794) q[41]; sx q[41]; rz(pi/2) q[41]; rz(pi/2) q[53]; sx q[53]; rz(-2.8415926535897933) q[53]; sx q[53]; rz(pi/2) q[53]; measure q[12] -> c[24]; sx q[12]; rz(-pi/2) q[12]; ecr q[17],q[12]; rz(-pi) q[12]; sx q[12]; rz(pi/2) q[12]; rz(pi/2) q[17]; sx q[17]; ecr q[17],q[12]; sx q[12]; rz(-pi/2) q[12]; rz(-pi/2) q[17]; sx q[17]; ecr q[17],q[12]; rz(pi/2) q[12]; sx q[12]; rz(pi/2) q[12]; x q[17]; rz(pi/2) q[17]; ecr q[17],q[30]; rz(pi/2) q[17]; sx q[17]; rz(pi/2) q[17]; rz(-pi) q[30]; measure q[30] -> c[25]; barrier q[6],q[2],q[7],q[63],q[122],q[121],q[123],q[76],q[70],q[69],q[67],q[55],q[60],q[43],q[74],q[59],q[125],q[46],q[3],q[106],q[0],q[111],q[91],q[34],q[124],q[113],q[57],q[126],q[56],q[9],q[26],q[102],q[93],q[103],q[104],q[27],q[71],q[44],q[100],q[109],q[86],q[82],q[64],q[28],q[87],q[89],q[88],q[99],q[31],q[58],q[66],q[51],q[96],q[8],q[36],q[118],q[5],q[33],q[14],q[53],q[23],q[21],q[4],q[32],q[52],q[41],q[37],q[18],q[65],q[49],q[73],q[77],q[22],q[39],q[24],q[15],q[101],q[90],q[120],q[112],q[19],q[45],q[75],q[110],q[95],q[107],q[105],q[80],q[83],q[79],q[114],q[94],q[35],q[85],q[48],q[116],q[20],q[38],q[42],q[29],q[81],q[50],q[61],q[25],q[62],q[78],q[119],q[115],q[84],q[117],q[54],q[97],q[40],q[92],q[72],q[47],q[10],q[11],q[13],q[12],q[17],q[30],q[108],q[98],q[1],q[68],q[16]; measure q[5] -> c[12]; measure q[6] -> c[4]; measure q[19] -> c[15]; measure q[22] -> c[14]; measure q[52] -> c[13]; measure q[70] -> c[6]; measure q[86] -> c[10]; measure q[87] -> c[11]; measure q[122] -> c[5]; measure q[33] -> c[28]; measure q[41] -> c[29]; measure q[39] -> c[30]; measure q[19] -> c[31];",
        [],
        10240
      ]
    ],
    "version": 2,
    "support_qiskit": false
  },
  "program": {
    "id": "sampler"
  },
  "created": "2025-06-03T22:42:20.251Z",
  "ended": "2025-06-03T22:42:42.253Z",
  "runtime": "",
  "cost": 600,
  "tags": [
    "Magnum Opus 4.0 - Hardware-Optimized Implementation",
    "10240 Shots",
    "sherbrooke",
    "composer-info:composer:true",
    "composer-info:code-id:407dd67b02aabaf977bcb08985a2d48f8447685be73af04cd38136ba07ec0b13",
    "composer-info:code-version-id:683f75cb13d42229a80c0f86"
  ],
  "session_id": null,
  "usage": {
    "seconds": 0
  },
  "private": false,
  "user_id": "67ed858fef80b0ebb6c51676"
}