{
  "id": "d0m0mtbbxwzg00890ax0",
  "hub": "ibm-q",
  "group": "open",
  "project": "main",
  "backend": "ibm_brisbane",
  "state": {
    "status": "Completed"
  },
  "status": "Completed",
  "params": {
    "pubs": [
      [
        "OPENQASM 2.0; include \"qelib1.inc\"; gate rzx(param0) q0,q1 { h q1; cx q0,q1; rz(param0) q1; cx q0,q1; h q1; } gate ecr q0,q1 { rzx(pi/4) q0,q1; x q0; rzx(-pi/4) q0,q1; } qreg q[127]; creg c[32]; reset q[8]; reset q[11]; reset q[15]; reset q[18]; reset q[24]; reset q[41]; rz(-pi/2) q[63]; sx q[63]; rz(-pi) q[63]; reset q[64]; rz(-pi) q[64]; sx q[64]; ecr q[63],q[64]; rz(pi/2) q[63]; sx q[63]; rz(pi/2) q[63]; sx q[64]; rz(-pi/2) q[65]; sx q[65]; rz(-pi) q[65]; ecr q[65],q[64]; rz(-pi/2) q[64]; sx q[64]; rz(pi/2) q[64]; rz(pi/2) q[65]; sx q[65]; rz(pi/2) q[65]; rz(pi/2) q[75]; sx q[75]; sx q[76]; rz(-pi/2) q[77]; ecr q[77],q[76]; sx q[76]; rz(-pi/2) q[76]; rz(-pi/2) q[77]; sx q[77]; ecr q[77],q[76]; rz(-pi) q[76]; sx q[76]; rz(pi/2) q[76]; rz(pi/2) q[77]; sx q[77]; ecr q[77],q[76]; rz(-pi/2) q[76]; sx q[76]; rz(-pi) q[76]; rz(-pi) q[90]; sx q[90]; rz(-pi) q[90]; ecr q[75],q[90]; rz(-pi) q[75]; sx q[75]; rz(pi/2) q[75]; ecr q[76],q[75]; rz(-pi/2) q[75]; sx q[75]; rz(pi/2) q[75]; rz(pi/2) q[76]; sx q[76]; rz(pi/2) q[76]; reset q[103]; reset q[118]; barrier q[64],q[63],q[65],q[113],q[75],q[90],q[76],q[82],q[15],q[4],q[6],q[115],q[3],q[2],q[5],q[107],q[18],q[78],q[17],q[52],q[1],q[38],q[112],q[98],q[103],q[40],q[89],q[94],q[119],q[108],q[72],q[122],q[118],q[50],q[120],q[125],q[14],q[55],q[106],q[116],q[11],q[10],q[31],q[110],q[46],q[45],q[32],q[71],q[100],q[88],q[111],q[0],q[73],q[69],q[70],q[104],q[24],q[23],q[26],q[25],q[27],q[29],q[16],q[121],q[43],q[34],q[44],q[47],q[114],q[57],q[99],q[97],q[8],q[30],q[9],q[12],q[95],q[91],q[56],q[123],q[42],q[36],q[93],q[51],q[77],q[101],q[105],q[96],q[49],q[84],q[109],q[86],q[67],q[66],q[117],q[13],q[41],q[54],q[22],q[126],q[20],q[80],q[21],q[48],q[7],q[28],q[74],q[35],q[124],q[39],q[19],q[85],q[33],q[102],q[81],q[83],q[61],q[62],q[60],q[53],q[59],q[58],q[87],q[79],q[68],q[92],q[37]; rz(-pi) q[2]; sx q[2]; rz(-pi) q[2]; rz(pi/2) q[3]; sx q[3]; ecr q[3],q[2]; rz(-pi) q[3]; sx q[3]; rz(pi/2) q[3]; rz(-pi/2) q[4]; sx q[4]; rz(-pi) q[4]; rz(-pi) q[5]; sx q[5]; rz(-pi) q[5]; rz(-pi/2) q[6]; rz(-pi) q[15]; sx q[15]; ecr q[4],q[15]; x q[4]; rz(-pi/2) q[4]; ecr q[4],q[3]; rz(-pi) q[3]; sx q[3]; rz(pi/2) q[3]; rz(pi/2) q[4]; sx q[4]; ecr q[4],q[3]; sx q[3]; rz(-pi/2) q[3]; rz(-pi/2) q[4]; sx q[4]; ecr q[4],q[3]; rz(pi/2) q[3]; sx q[3]; rz(pi/2) q[3]; rz(pi/2) q[4]; sx q[4]; ecr q[4],q[5]; rz(-pi/2) q[4]; sx q[4]; rz(-pi) q[4]; sx q[5]; ecr q[6],q[5]; sx q[5]; rz(-pi/2) q[5]; rz(-pi/2) q[6]; sx q[6]; ecr q[6],q[5]; rz(-pi) q[5]; sx q[5]; rz(pi/2) q[5]; rz(pi/2) q[6]; sx q[6]; ecr q[6],q[5]; rz(-pi) q[5]; sx q[5]; rz(-pi) q[5]; sx q[15]; ecr q[4],q[15]; rz(pi/2) q[4]; sx q[4]; rz(-pi) q[15]; sx q[15]; rz(pi/2) q[15]; ecr q[4],q[15]; rz(-pi/2) q[4]; sx q[4]; sx q[15]; rz(-pi/2) q[15]; ecr q[4],q[15]; rz(pi/2) q[4]; sx q[4]; ecr q[4],q[5]; x q[4]; rz(pi/2) q[15]; sx q[15]; rz(pi/2) q[15]; barrier q[64],q[63],q[65],q[113],q[75],q[90],q[76],q[82],q[4],q[3],q[5],q[115],q[15],q[2],q[6],q[107],q[18],q[78],q[17],q[52],q[1],q[38],q[112],q[98],q[103],q[40],q[89],q[94],q[119],q[108],q[72],q[122],q[118],q[50],q[120],q[125],q[14],q[55],q[106],q[116],q[11],q[10],q[31],q[110],q[46],q[45],q[32],q[71],q[100],q[88],q[111],q[0],q[73],q[69],q[70],q[104],q[24],q[23],q[26],q[25],q[27],q[29],q[16],q[121],q[43],q[34],q[44],q[47],q[114],q[57],q[99],q[97],q[8],q[30],q[9],q[12],q[95],q[91],q[56],q[123],q[42],q[36],q[93],q[51],q[77],q[101],q[105],q[96],q[49],q[84],q[109],q[86],q[67],q[66],q[117],q[13],q[41],q[54],q[22],q[126],q[20],q[80],q[21],q[48],q[7],q[28],q[74],q[35],q[124],q[39],q[19],q[85],q[33],q[102],q[81],q[83],q[61],q[62],q[60],q[53],q[59],q[58],q[87],q[79],q[68],q[92],q[37]; rz(-pi/2) q[10]; sx q[10]; rz(-pi) q[10]; rz(-pi) q[11]; sx q[11]; ecr q[10],q[11]; rz(pi/2) q[10]; sx q[10]; rz(pi/2) q[10]; rz(-pi/2) q[11]; sx q[11]; sx q[12]; ecr q[11],q[12]; rz(-pi/2) q[11]; sx q[11]; sx q[12]; rz(-pi/2) q[12]; ecr q[11],q[12]; rz(pi/2) q[11]; sx q[11]; rz(-pi) q[12]; sx q[12]; rz(pi/2) q[12]; ecr q[11],q[12]; rz(-pi/2) q[12]; sx q[17]; ecr q[12],q[17]; rz(-pi/2) q[12]; sx q[12]; sx q[17]; rz(-pi/2) q[17]; ecr q[12],q[17]; rz(pi/2) q[12]; sx q[12]; rz(-pi) q[17]; sx q[17]; rz(pi/2) q[17]; ecr q[12],q[17]; rz(-pi/2) q[17]; rz(-pi/2) q[28]; sx q[28]; sx q[29]; rz(-pi/2) q[30]; sx q[30]; sx q[31]; rz(-pi/2) q[31]; rz(-pi) q[32]; sx q[32]; rz(-pi) q[32]; rz(-pi/2) q[35]; sx q[35]; rz(-pi) q[45]; sx q[45]; rz(-pi) q[45]; rz(pi/2) q[46]; sx q[46]; ecr q[46],q[45]; x q[46]; rz(-pi/2) q[46]; sx q[47]; ecr q[46],q[47]; rz(-pi/2) q[46]; sx q[46]; sx q[47]; rz(-pi/2) q[47]; ecr q[46],q[47]; rz(pi/2) q[46]; sx q[46]; rz(-pi) q[47]; sx q[47]; rz(pi/2) q[47]; ecr q[46],q[47]; sx q[47]; rz(-pi/2) q[47]; ecr q[35],q[47]; rz(pi/2) q[35]; sx q[35]; rz(-pi) q[47]; sx q[47]; rz(pi/2) q[47]; ecr q[35],q[47]; rz(-pi/2) q[35]; sx q[35]; sx q[47]; rz(-pi/2) q[47]; ecr q[35],q[47]; rz(-pi) q[35]; sx q[35]; ecr q[28],q[35]; rz(pi/2) q[28]; sx q[28]; rz(-pi) q[35]; sx q[35]; rz(pi/2) q[35]; ecr q[28],q[35]; rz(-pi/2) q[28]; sx q[28]; sx q[35]; rz(-pi/2) q[35]; ecr q[28],q[35]; rz(pi/2) q[28]; sx q[28]; ecr q[28],q[29]; rz(-pi/2) q[28]; sx q[28]; sx q[29]; rz(-pi/2) q[29]; ecr q[28],q[29]; rz(pi/2) q[28]; sx q[28]; rz(-pi) q[29]; sx q[29]; rz(pi/2) q[29]; ecr q[28],q[29]; sx q[29]; rz(-pi/2) q[29]; ecr q[30],q[29]; rz(-pi) q[29]; sx q[29]; rz(pi/2) q[29]; rz(pi/2) q[30]; sx q[30]; ecr q[30],q[29]; sx q[29]; rz(-pi/2) q[29]; rz(-pi/2) q[30]; sx q[30]; ecr q[30],q[29]; rz(pi/2) q[29]; sx q[29]; rz(pi/2) q[29]; x q[30]; rz(-pi/2) q[30]; ecr q[30],q[31]; rz(pi/2) q[30]; sx q[30]; rz(-pi) q[31]; sx q[31]; rz(pi/2) q[31]; ecr q[30],q[31]; rz(-pi/2) q[30]; sx q[30]; sx q[31]; rz(-pi/2) q[31]; ecr q[30],q[31]; sx q[30]; rz(pi/2) q[30]; ecr q[17],q[30]; x q[17]; rz(-pi/2) q[17]; rz(-pi/2) q[30]; sx q[30]; rz(pi/2) q[31]; sx q[31]; ecr q[31],q[32]; rz(-pi) q[31]; sx q[31]; rz(pi/2) q[31]; ecr q[30],q[31]; rz(pi/2) q[30]; sx q[30]; rz(-pi) q[31]; sx q[31]; rz(pi/2) q[31]; ecr q[30],q[31]; rz(-pi/2) q[30]; sx q[30]; sx q[31]; rz(-pi/2) q[31]; ecr q[30],q[31]; sx q[30]; rz(pi/2) q[30]; ecr q[17],q[30]; x q[17]; rz(pi/2) q[31]; sx q[31]; rz(pi/2) q[31]; rz(pi/2) q[35]; sx q[35]; rz(pi/2) q[35]; rz(pi/2) q[47]; sx q[47]; rz(pi/2) q[47]; barrier q[64],q[63],q[65],q[113],q[75],q[90],q[76],q[82],q[4],q[3],q[5],q[115],q[15],q[2],q[6],q[107],q[18],q[78],q[12],q[52],q[1],q[38],q[112],q[98],q[103],q[40],q[89],q[94],q[119],q[108],q[72],q[122],q[118],q[50],q[120],q[125],q[14],q[55],q[106],q[116],q[17],q[10],q[31],q[110],q[30],q[45],q[32],q[71],q[100],q[88],q[111],q[0],q[73],q[69],q[70],q[104],q[24],q[23],q[26],q[25],q[27],q[28],q[16],q[121],q[43],q[34],q[44],q[46],q[114],q[57],q[99],q[97],q[8],q[29],q[9],q[11],q[95],q[91],q[56],q[123],q[42],q[36],q[93],q[51],q[77],q[101],q[105],q[96],q[49],q[84],q[109],q[86],q[67],q[66],q[117],q[13],q[41],q[54],q[22],q[126],q[20],q[80],q[21],q[48],q[7],q[35],q[74],q[47],q[124],q[39],q[19],q[85],q[33],q[102],q[81],q[83],q[61],q[62],q[60],q[53],q[59],q[58],q[87],q[79],q[68],q[92],q[37]; rz(-pi/2) q[16]; sx q[16]; rz(-pi) q[16]; rz(-pi) q[23]; sx q[23]; rz(-pi) q[23]; rz(pi/2) q[24]; sx q[24]; ecr q[24],q[23]; rz(-pi) q[24]; sx q[24]; rz(pi/2) q[24]; rz(-pi/2) q[25]; sx q[25]; ecr q[25],q[24]; rz(-pi) q[24]; sx q[24]; rz(pi/2) q[24]; rz(pi/2) q[25]; sx q[25]; ecr q[25],q[24]; sx q[24]; rz(-pi/2) q[24]; rz(-pi/2) q[25]; sx q[25]; ecr q[25],q[24]; sx q[24]; rz(pi/2) q[24]; rz(-pi) q[25]; sx q[25]; rz(-pi/2) q[26]; sx q[26]; rz(-pi) q[26]; ecr q[26],q[25]; rz(-pi/2) q[25]; sx q[25]; ecr q[25],q[24]; rz(-pi) q[25]; sx q[25]; rz(pi/2) q[25]; rz(-pi) q[26]; sx q[26]; rz(pi/2) q[26]; rz(-pi/2) q[27]; ecr q[27],q[26]; sx q[26]; rz(-pi/2) q[26]; rz(-pi/2) q[27]; sx q[27]; ecr q[27],q[26]; rz(-pi) q[26]; sx q[26]; rz(pi/2) q[26]; rz(pi/2) q[27]; sx q[27]; ecr q[27],q[26]; rz(-pi/2) q[26]; sx q[26]; rz(-pi) q[26]; ecr q[26],q[25]; sx q[25]; x q[26]; rz(-pi/2) q[26]; ecr q[26],q[25]; rz(-pi) q[25]; sx q[25]; rz(pi/2) q[25]; rz(pi/2) q[26]; sx q[26]; ecr q[26],q[25]; sx q[25]; rz(-pi/2) q[25]; rz(-pi/2) q[26]; sx q[26]; ecr q[26],q[25]; rz(pi/2) q[25]; sx q[25]; rz(pi/2) q[25]; rz(-pi) q[26]; sx q[26]; sx q[27]; rz(-pi/2) q[28]; ecr q[28],q[27]; sx q[27]; rz(-pi/2) q[27]; rz(-pi/2) q[28]; sx q[28]; ecr q[28],q[27]; rz(-pi) q[27]; sx q[27]; rz(pi/2) q[27]; rz(pi/2) q[28]; sx q[28]; ecr q[28],q[27]; rz(-pi/2) q[27]; sx q[27]; rz(-pi) q[27]; ecr q[27],q[26]; sx q[26]; ecr q[16],q[26]; rz(pi/2) q[16]; sx q[16]; rz(pi/2) q[16]; rz(-pi/2) q[26]; sx q[26]; rz(pi/2) q[26]; rz(pi/2) q[27]; sx q[27]; rz(pi/2) q[27]; barrier q[64],q[63],q[65],q[113],q[75],q[90],q[76],q[82],q[4],q[3],q[5],q[115],q[15],q[2],q[6],q[107],q[18],q[78],q[12],q[52],q[1],q[38],q[112],q[98],q[103],q[40],q[89],q[94],q[119],q[108],q[72],q[122],q[118],q[50],q[120],q[125],q[14],q[55],q[106],q[116],q[17],q[10],q[31],q[110],q[30],q[45],q[32],q[71],q[100],q[88],q[111],q[0],q[73],q[69],q[70],q[104],q[26],q[23],q[28],q[24],q[25],q[27],q[16],q[121],q[43],q[34],q[44],q[46],q[114],q[57],q[99],q[97],q[8],q[29],q[9],q[11],q[95],q[91],q[56],q[123],q[42],q[36],q[93],q[51],q[77],q[101],q[105],q[96],q[49],q[84],q[109],q[86],q[67],q[66],q[117],q[13],q[41],q[54],q[22],q[126],q[20],q[80],q[21],q[48],q[7],q[35],q[74],q[47],q[124],q[39],q[19],q[85],q[33],q[102],q[81],q[83],q[61],q[62],q[60],q[53],q[59],q[58],q[87],q[79],q[68],q[92],q[37]; rz(-pi) q[8]; sx q[8]; sx q[9]; rz(-pi/2) q[9]; rz(-pi/2) q[10]; sx q[10]; sx q[11]; rz(-pi/2) q[11]; ecr q[10],q[11]; rz(pi/2) q[10]; sx q[10]; rz(-pi) q[11]; sx q[11]; rz(pi/2) q[11]; ecr q[10],q[11]; rz(-pi/2) q[10]; sx q[10]; sx q[11]; rz(-pi/2) q[11]; ecr q[10],q[11]; rz(pi/2) q[10]; sx q[10]; rz(pi/2) q[11]; sx q[11]; rz(pi/2) q[11]; rz(-pi/2) q[16]; sx q[16]; ecr q[16],q[8]; rz(-pi) q[8]; sx q[8]; rz(pi/2) q[8]; rz(pi/2) q[16]; sx q[16]; ecr q[16],q[8]; sx q[8]; rz(-pi/2) q[8]; rz(-pi/2) q[16]; sx q[16]; ecr q[16],q[8]; x q[8]; rz(-pi/2) q[8]; ecr q[8],q[9]; rz(pi/2) q[8]; sx q[8]; rz(-pi) q[9]; sx q[9]; rz(pi/2) q[9]; ecr q[8],q[9]; rz(-pi/2) q[8]; sx q[8]; sx q[9]; rz(-pi/2) q[9]; ecr q[8],q[9]; sx q[8]; rz(pi/2) q[8]; rz(-pi) q[9]; sx q[9]; rz(pi/2) q[9]; ecr q[10],q[9]; sx q[9]; rz(-pi/2) q[9]; rz(-pi/2) q[10]; sx q[10]; ecr q[10],q[9]; rz(-pi) q[9]; sx q[9]; rz(pi/2) q[9]; rz(pi/2) q[10]; sx q[10]; ecr q[10],q[9]; rz(-pi) q[9]; sx q[9]; rz(-pi) q[9]; rz(pi/2) q[16]; sx q[16]; sx q[26]; sx q[27]; rz(-pi/2) q[28]; sx q[28]; sx q[29]; rz(-pi/2) q[29]; ecr q[28],q[29]; rz(pi/2) q[28]; sx q[28]; rz(-pi) q[29]; sx q[29]; rz(pi/2) q[29]; ecr q[28],q[29]; rz(-pi/2) q[28]; sx q[28]; sx q[29]; rz(-pi/2) q[29]; ecr q[28],q[29]; rz(pi/2) q[28]; sx q[28]; ecr q[28],q[27]; sx q[27]; rz(-pi/2) q[27]; rz(-pi/2) q[28]; sx q[28]; ecr q[28],q[27]; rz(-pi) q[27]; sx q[27]; rz(pi/2) q[27]; rz(pi/2) q[28]; sx q[28]; ecr q[28],q[27]; rz(-pi/2) q[27]; ecr q[27],q[26]; sx q[26]; rz(-pi/2) q[26]; rz(-pi/2) q[27]; sx q[27]; ecr q[27],q[26]; rz(-pi) q[26]; sx q[26]; rz(pi/2) q[26]; rz(pi/2) q[27]; sx q[27]; ecr q[27],q[26]; rz(-pi) q[26]; sx q[26]; rz(-pi) q[26]; ecr q[16],q[26]; x q[16]; rz(-pi/2) q[16]; ecr q[16],q[8]; sx q[8]; x q[16]; rz(-pi/2) q[16]; ecr q[16],q[8]; sx q[8]; rz(-pi/2) q[8]; rz(-pi/2) q[16]; sx q[16]; ecr q[16],q[8]; rz(-pi) q[8]; sx q[8]; rz(pi/2) q[8]; rz(pi/2) q[16]; sx q[16]; ecr q[16],q[8]; rz(-pi/2) q[8]; ecr q[8],q[9]; x q[8]; rz(pi/2) q[29]; sx q[29]; rz(pi/2) q[29]; rz(-pi/2) q[34]; sx q[34]; rz(-pi) q[34]; rz(-pi) q[43]; sx q[43]; ecr q[34],q[43]; rz(pi/2) q[34]; sx q[34]; rz(pi/2) q[34]; rz(-pi/2) q[43]; sx q[43]; rz(-pi) q[44]; sx q[44]; rz(-pi) q[44]; ecr q[43],q[44]; x q[43]; rz(-pi/2) q[43]; sx q[44]; ecr q[43],q[44]; rz(-pi/2) q[43]; sx q[43]; sx q[44]; rz(-pi/2) q[44]; ecr q[43],q[44]; rz(pi/2) q[43]; sx q[43]; rz(-pi) q[44]; sx q[44]; rz(pi/2) q[44]; ecr q[43],q[44]; rz(-pi/2) q[44]; sx q[45]; ecr q[44],q[45]; rz(-pi/2) q[44]; sx q[44]; sx q[45]; rz(-pi/2) q[45]; ecr q[44],q[45]; rz(pi/2) q[44]; sx q[44]; rz(-pi) q[45]; sx q[45]; rz(pi/2) q[45]; ecr q[44],q[45]; sx q[45]; rz(-pi/2) q[45]; rz(-pi/2) q[46]; sx q[46]; rz(-pi) q[46]; ecr q[46],q[45]; rz(-pi/2) q[45]; sx q[45]; rz(pi/2) q[45]; rz(pi/2) q[46]; sx q[46]; rz(pi/2) q[46]; barrier q[64],q[63],q[65],q[113],q[75],q[90],q[76],q[82],q[4],q[3],q[5],q[115],q[15],q[2],q[6],q[107],q[18],q[78],q[12],q[52],q[1],q[38],q[112],q[98],q[103],q[40],q[89],q[94],q[119],q[108],q[72],q[122],q[118],q[50],q[120],q[125],q[14],q[55],q[106],q[116],q[17],q[11],q[31],q[110],q[30],q[44],q[32],q[71],q[100],q[88],q[111],q[0],q[73],q[69],q[70],q[104],q[27],q[23],q[29],q[24],q[25],q[28],q[10],q[121],q[45],q[34],q[43],q[46],q[114],q[57],q[99],q[97],q[8],q[26],q[16],q[9],q[95],q[91],q[56],q[123],q[42],q[36],q[93],q[51],q[77],q[101],q[105],q[96],q[49],q[84],q[109],q[86],q[67],q[66],q[117],q[13],q[41],q[54],q[22],q[126],q[20],q[80],q[21],q[48],q[7],q[35],q[74],q[47],q[124],q[39],q[19],q[85],q[33],q[102],q[81],q[83],q[61],q[62],q[60],q[53],q[59],q[58],q[87],q[79],q[68],q[92],q[37]; rz(-pi) q[9]; sx q[9]; rz(-pi) q[9]; rz(-pi/2) q[10]; ecr q[10],q[9]; x q[10]; rz(-pi/2) q[16]; sx q[23]; rz(-pi/2) q[23]; rz(-pi/2) q[24]; sx q[24]; sx q[25]; rz(-pi/2) q[25]; sx q[26]; rz(-pi/2) q[26]; rz(-pi/2) q[27]; sx q[27]; ecr q[27],q[26]; rz(-pi) q[26]; sx q[26]; rz(pi/2) q[26]; rz(pi/2) q[27]; sx q[27]; ecr q[27],q[26]; sx q[26]; rz(-pi/2) q[26]; rz(-pi/2) q[27]; sx q[27]; ecr q[27],q[26]; rz(-pi) q[26]; sx q[26]; rz(pi/2) q[26]; ecr q[16],q[26]; rz(-pi/2) q[16]; sx q[16]; sx q[26]; rz(-pi/2) q[26]; ecr q[16],q[26]; rz(pi/2) q[16]; sx q[16]; rz(-pi) q[26]; sx q[26]; rz(pi/2) q[26]; ecr q[16],q[26]; rz(-pi/2) q[26]; sx q[26]; rz(-pi) q[26]; ecr q[26],q[25]; rz(-pi/2) q[25]; sx q[25]; rz(pi/2) q[25]; rz(pi/2) q[26]; sx q[26]; rz(pi/2) q[26]; rz(-pi) q[27]; sx q[27]; rz(-pi/2) q[28]; sx q[29]; rz(-pi/2) q[29]; sx q[34]; rz(-pi/2) q[34]; ecr q[24],q[34]; rz(pi/2) q[24]; sx q[24]; rz(-pi) q[34]; sx q[34]; rz(pi/2) q[34]; ecr q[24],q[34]; rz(-pi/2) q[24]; sx q[24]; sx q[34]; rz(-pi/2) q[34]; ecr q[24],q[34]; x q[24]; rz(pi/2) q[24]; ecr q[24],q[23]; rz(-pi/2) q[23]; sx q[23]; rz(pi/2) q[23]; rz(pi/2) q[24]; sx q[24]; rz(pi/2) q[24]; rz(pi/2) q[34]; sx q[34]; rz(-pi/2) q[35]; sx q[35]; rz(-pi) q[43]; sx q[43]; rz(-pi) q[43]; ecr q[34],q[43]; x q[34]; rz(-pi/2) q[46]; sx q[47]; ecr q[46],q[47]; rz(-pi/2) q[46]; sx q[46]; sx q[47]; rz(-pi/2) q[47]; ecr q[46],q[47]; rz(pi/2) q[46]; sx q[46]; rz(-pi) q[47]; sx q[47]; rz(pi/2) q[47]; ecr q[46],q[47]; sx q[47]; rz(-pi/2) q[47]; ecr q[35],q[47]; rz(pi/2) q[35]; sx q[35]; rz(-pi) q[47]; sx q[47]; rz(pi/2) q[47]; ecr q[35],q[47]; rz(-pi/2) q[35]; sx q[35]; sx q[47]; rz(-pi/2) q[47]; ecr q[35],q[47]; sx q[35]; rz(pi/2) q[35]; ecr q[28],q[35]; rz(-pi/2) q[28]; sx q[28]; rz(-pi) q[28]; ecr q[28],q[27]; rz(-pi) q[27]; sx q[27]; rz(pi/2) q[27]; rz(pi/2) q[28]; sx q[28]; ecr q[28],q[27]; sx q[27]; rz(-pi/2) q[27]; rz(-pi/2) q[28]; sx q[28]; ecr q[28],q[27]; rz(pi/2) q[27]; sx q[27]; rz(pi/2) q[27]; x q[28]; rz(pi/2) q[28]; ecr q[28],q[29]; rz(pi/2) q[28]; sx q[28]; rz(pi/2) q[28]; rz(-pi/2) q[29]; sx q[29]; rz(pi/2) q[29]; rz(pi/2) q[47]; sx q[47]; rz(pi/2) q[47]; barrier q[64],q[63],q[65],q[113],q[75],q[90],q[76],q[82],q[4],q[3],q[5],q[115],q[15],q[2],q[6],q[107],q[18],q[78],q[12],q[52],q[1],q[38],q[112],q[98],q[103],q[40],q[89],q[94],q[119],q[108],q[72],q[122],q[118],q[50],q[120],q[125],q[14],q[55],q[106],q[116],q[17],q[11],q[31],q[110],q[30],q[44],q[32],q[71],q[100],q[88],q[111],q[0],q[73],q[69],q[70],q[104],q[16],q[23],q[29],q[34],q[25],q[27],q[10],q[121],q[45],q[24],q[43],q[35],q[114],q[57],q[99],q[97],q[8],q[28],q[26],q[9],q[95],q[91],q[56],q[123],q[42],q[36],q[93],q[51],q[77],q[101],q[105],q[96],q[49],q[84],q[109],q[86],q[67],q[66],q[117],q[13],q[41],q[54],q[22],q[126],q[20],q[80],q[21],q[48],q[7],q[47],q[74],q[46],q[124],q[39],q[19],q[85],q[33],q[102],q[81],q[83],q[61],q[62],q[60],q[53],q[59],q[58],q[87],q[79],q[68],q[92],q[37]; rz(1.0771174812307862) q[16]; sx q[23]; rz(-pi/2) q[23]; sx q[24]; rz(-pi/2) q[24]; rz(-pi/2) q[25]; sx q[25]; ecr q[25],q[24]; rz(-pi) q[24]; sx q[24]; rz(pi/2) q[24]; rz(pi/2) q[25]; sx q[25]; ecr q[25],q[24]; sx q[24]; rz(-pi/2) q[24]; rz(-pi/2) q[25]; sx q[25]; ecr q[25],q[24]; x q[24]; rz(-pi/2) q[24]; ecr q[24],q[23]; rz(-pi) q[23]; sx q[23]; rz(pi/2) q[23]; rz(pi/2) q[24]; sx q[24]; ecr q[24],q[23]; sx q[23]; rz(-pi/2) q[23]; rz(-pi/2) q[24]; sx q[24]; ecr q[24],q[23]; rz(pi/2) q[23]; sx q[23]; rz(pi/2) q[23]; rz(pi/2) q[24]; sx q[24]; rz(-pi) q[25]; sx q[25]; rz(pi/2) q[25]; sx q[26]; rz(-pi/2) q[27]; ecr q[27],q[26]; sx q[26]; rz(-pi/2) q[26]; rz(-pi/2) q[27]; sx q[27]; ecr q[27],q[26]; rz(-pi) q[26]; sx q[26]; rz(pi/2) q[26]; rz(pi/2) q[27]; sx q[27]; ecr q[27],q[26]; rz(-pi/2) q[26]; ecr q[26],q[25]; sx q[25]; rz(-pi/2) q[25]; rz(-pi/2) q[26]; sx q[26]; ecr q[26],q[25]; rz(-pi) q[25]; sx q[25]; rz(pi/2) q[25]; rz(pi/2) q[26]; sx q[26]; ecr q[26],q[25]; rz(-pi/2) q[25]; sx q[25]; rz(-pi) q[25]; sx q[26]; rz(-pi/2) q[26]; sx q[27]; rz(-pi/2) q[28]; ecr q[28],q[27]; sx q[27]; rz(-pi/2) q[27]; rz(-pi/2) q[28]; sx q[28]; ecr q[28],q[27]; rz(-pi) q[27]; sx q[27]; rz(pi/2) q[27]; rz(pi/2) q[28]; sx q[28]; ecr q[28],q[27]; rz(-pi/2) q[27]; sx q[27]; rz(-pi) q[27]; ecr q[27],q[26]; sx q[26]; rz(-pi/2) q[27]; sx q[27]; rz(pi/11) q[27]; sx q[27]; ecr q[27],q[26]; rz(-pi/2) q[26]; sx q[26]; rz(pi/2) q[26]; rz(pi/2) q[27]; sx q[27]; rz(pi/2) q[27]; rz(-pi) q[34]; sx q[34]; rz(-pi) q[34]; ecr q[24],q[34]; x q[24]; rz(-pi/2) q[24]; rz(4*pi/5) q[34]; sx q[34]; rz(-pi) q[34]; ecr q[24],q[34]; rz(-pi) q[24]; sx q[24]; rz(pi/2) q[24]; ecr q[25],q[24]; sx q[24]; rz(-pi/2) q[25]; sx q[25]; rz(pi/7) q[25]; sx q[25]; ecr q[25],q[24]; rz(-pi/2) q[24]; sx q[24]; rz(pi/2) q[24]; rz(pi/2) q[25]; sx q[25]; rz(pi/2) q[25]; rz(pi/11) q[45]; barrier q[64],q[63],q[65],q[113],q[75],q[90],q[76],q[82],q[4],q[3],q[5],q[115],q[15],q[2],q[6],q[107],q[18],q[78],q[12],q[52],q[1],q[38],q[112],q[98],q[103],q[40],q[89],q[94],q[119],q[108],q[72],q[122],q[118],q[50],q[120],q[125],q[14],q[55],q[106],q[116],q[17],q[11],q[31],q[110],q[30],q[44],q[32],q[71],q[100],q[88],q[111],q[0],q[73],q[69],q[70],q[104],q[16],q[24],q[29],q[34],q[23],q[25],q[10],q[121],q[45],q[26],q[43],q[35],q[114],q[57],q[99],q[97],q[8],q[27],q[28],q[9],q[95],q[91],q[56],q[123],q[42],q[36],q[93],q[51],q[77],q[101],q[105],q[96],q[49],q[84],q[109],q[86],q[67],q[66],q[117],q[13],q[41],q[54],q[22],q[126],q[20],q[80],q[21],q[48],q[7],q[47],q[74],q[46],q[124],q[39],q[19],q[85],q[33],q[102],q[81],q[83],q[61],q[62],q[60],q[53],q[59],q[58],q[87],q[79],q[68],q[92],q[37]; rz(-pi/2) q[24]; sx q[24]; rz(-pi) q[24]; rz(-pi/2) q[25]; sx q[25]; rz(-pi) q[25]; rz(-pi/2) q[26]; rz(-pi/2) q[27]; rz(-pi/2) q[34]; sx q[34]; rz(pi/2) q[42]; sx q[42]; sx q[43]; ecr q[42],q[43]; rz(-pi/2) q[42]; sx q[42]; sx q[43]; rz(-pi/2) q[43]; ecr q[42],q[43]; rz(pi/2) q[42]; sx q[42]; rz(-pi) q[43]; sx q[43]; rz(pi/2) q[43]; ecr q[42],q[43]; sx q[43]; rz(-pi/2) q[43]; ecr q[34],q[43]; rz(pi/2) q[34]; sx q[34]; rz(-pi) q[43]; sx q[43]; rz(pi/2) q[43]; ecr q[34],q[43]; rz(-pi/2) q[34]; sx q[34]; sx q[43]; rz(-pi/2) q[43]; ecr q[34],q[43]; rz(-pi) q[34]; sx q[34]; ecr q[24],q[34]; x q[24]; rz(-pi/2) q[24]; rz(-pi/2) q[34]; sx q[34]; sx q[43]; rz(pi/2) q[43]; ecr q[34],q[43]; rz(-pi) q[34]; sx q[34]; rz(pi/2) q[34]; ecr q[24],q[34]; rz(pi/2) q[24]; sx q[24]; rz(-pi) q[34]; sx q[34]; rz(pi/2) q[34]; ecr q[24],q[34]; rz(-pi/2) q[24]; sx q[24]; sx q[34]; rz(-pi/2) q[34]; ecr q[24],q[34]; rz(-pi) q[24]; sx q[24]; ecr q[25],q[24]; sx q[24]; rz(-pi) q[25]; sx q[25]; rz(pi/2) q[25]; ecr q[26],q[25]; sx q[25]; rz(-pi/2) q[25]; rz(-pi/2) q[26]; sx q[26]; ecr q[26],q[25]; rz(-pi) q[25]; sx q[25]; rz(pi/2) q[25]; rz(pi/2) q[26]; sx q[26]; ecr q[26],q[25]; rz(-pi/2) q[25]; sx q[25]; rz(-pi) q[25]; ecr q[25],q[24]; sx q[24]; x q[25]; rz(-pi/2) q[25]; ecr q[25],q[24]; rz(-pi) q[24]; sx q[24]; rz(pi/2) q[24]; rz(pi/2) q[25]; sx q[25]; ecr q[25],q[24]; sx q[24]; rz(-pi/2) q[24]; rz(-pi/2) q[25]; sx q[25]; ecr q[25],q[24]; rz(pi/2) q[24]; sx q[24]; rz(pi/2) q[24]; rz(-pi) q[25]; sx q[25]; sx q[26]; ecr q[27],q[26]; sx q[26]; rz(-pi/2) q[26]; rz(-pi/2) q[27]; sx q[27]; ecr q[27],q[26]; rz(-pi) q[26]; sx q[26]; rz(pi/2) q[26]; rz(pi/2) q[27]; sx q[27]; ecr q[27],q[26]; rz(-pi/2) q[26]; sx q[26]; rz(-pi) q[26]; ecr q[26],q[25]; rz(-pi/2) q[25]; sx q[25]; rz(-2.7708847204661975) q[25]; rz(pi/2) q[26]; sx q[26]; rz(pi/2) q[26]; rz(pi/2) q[34]; sx q[34]; rz(pi/2) q[34]; barrier q[64],q[63],q[65],q[113],q[75],q[90],q[76],q[82],q[4],q[3],q[5],q[115],q[15],q[2],q[6],q[107],q[18],q[78],q[12],q[52],q[1],q[38],q[112],q[98],q[103],q[40],q[89],q[94],q[119],q[108],q[72],q[122],q[118],q[50],q[120],q[125],q[14],q[55],q[106],q[116],q[17],q[11],q[31],q[110],q[30],q[44],q[32],q[71],q[100],q[88],q[111],q[0],q[73],q[69],q[70],q[104],q[16],q[34],q[29],q[43],q[23],q[27],q[10],q[121],q[45],q[24],q[42],q[35],q[114],q[57],q[99],q[97],q[8],q[26],q[28],q[9],q[95],q[91],q[56],q[123],q[25],q[36],q[93],q[51],q[77],q[101],q[105],q[96],q[49],q[84],q[109],q[86],q[67],q[66],q[117],q[13],q[41],q[54],q[22],q[126],q[20],q[80],q[21],q[48],q[7],q[47],q[74],q[46],q[124],q[39],q[19],q[85],q[33],q[102],q[81],q[83],q[61],q[62],q[60],q[53],q[59],q[58],q[87],q[79],q[68],q[92],q[37]; rz(-pi) q[2]; sx q[2]; rz(-pi) q[3]; sx q[3]; rz(-pi) q[3]; rz(pi/2) q[4]; sx q[4]; ecr q[4],q[3]; rz(0.01) q[3]; sx q[3]; x q[4]; rz(-pi/2) q[4]; rz(-pi) q[5]; sx q[5]; rz(-pi) q[5]; ecr q[4],q[5]; rz(-pi/2) q[4]; sx q[4]; rz(0.019999999999999574) q[5]; sx q[5]; rz(-pi/2) q[5]; rz(-pi) q[15]; sx q[15]; ecr q[4],q[15]; rz(pi/2) q[4]; sx q[4]; ecr q[4],q[3]; sx q[3]; rz(-pi/2) q[3]; rz(-pi/2) q[4]; sx q[4]; ecr q[4],q[3]; rz(-pi) q[3]; sx q[3]; rz(pi/2) q[3]; rz(pi/2) q[4]; sx q[4]; ecr q[4],q[3]; rz(-pi/2) q[3]; sx q[3]; rz(-pi) q[3]; ecr q[3],q[2]; sx q[2]; x q[3]; rz(-pi/2) q[3]; ecr q[3],q[2]; rz(-pi) q[2]; sx q[2]; rz(pi/2) q[2]; rz(pi/2) q[3]; sx q[3]; ecr q[3],q[2]; sx q[2]; rz(-pi/2) q[2]; rz(-pi/2) q[3]; sx q[3]; ecr q[3],q[2]; sx q[2]; rz(pi/2) q[2]; rz(-pi) q[3]; sx q[3]; rz(-pi/2) q[4]; sx q[4]; rz(-pi) q[4]; sx q[15]; ecr q[4],q[15]; x q[4]; rz(pi/2) q[4]; ecr q[4],q[3]; sx q[3]; x q[4]; rz(-pi/2) q[4]; ecr q[4],q[5]; rz(pi/2) q[4]; sx q[4]; rz(-pi) q[5]; sx q[5]; rz(pi/2) q[5]; ecr q[4],q[5]; rz(-pi/2) q[4]; sx q[4]; sx q[5]; rz(-pi/2) q[5]; ecr q[4],q[5]; x q[4]; rz(pi/2) q[4]; sx q[5]; rz(pi/2) q[5]; sx q[15]; ecr q[4],q[15]; x q[4]; rz(pi/2) q[4]; ecr q[4],q[3]; rz(-pi/2) q[3]; sx q[3]; rz(pi/16) q[3]; ecr q[3],q[2]; rz(-pi) q[3]; sx q[3]; rz(pi/2) q[3]; x q[4]; rz(-pi/2) q[4]; ecr q[4],q[3]; rz(-pi) q[3]; sx q[3]; rz(pi/2) q[3]; rz(pi/2) q[4]; sx q[4]; ecr q[4],q[3]; sx q[3]; rz(-pi/2) q[3]; rz(-pi/2) q[4]; sx q[4]; ecr q[4],q[3]; sx q[3]; rz(pi/2) q[3]; rz(pi/2) q[4]; sx q[4]; ecr q[4],q[5]; x q[4]; rz(-pi/2) q[4]; ecr q[4],q[3]; rz(pi/2) q[4]; sx q[4]; rz(-pi) q[4]; rz(pi/2) q[15]; sx q[15]; rz(-pi/2) q[22]; sx q[22]; sx q[23]; rz(-pi/2) q[24]; ecr q[24],q[23]; sx q[23]; rz(-pi/2) q[23]; rz(-pi/2) q[24]; sx q[24]; ecr q[24],q[23]; rz(-pi) q[23]; sx q[23]; rz(pi/2) q[23]; rz(pi/2) q[24]; sx q[24]; ecr q[24],q[23]; sx q[23]; rz(-pi/2) q[23]; ecr q[22],q[23]; rz(pi/2) q[22]; sx q[22]; rz(-pi) q[23]; sx q[23]; rz(pi/2) q[23]; ecr q[22],q[23]; rz(-pi/2) q[22]; sx q[22]; sx q[23]; rz(-pi/2) q[23]; ecr q[22],q[23]; rz(-pi) q[22]; sx q[22]; ecr q[15],q[22]; rz(pi/2) q[15]; sx q[15]; rz(-pi) q[22]; sx q[22]; rz(pi/2) q[22]; ecr q[15],q[22]; rz(-pi/2) q[15]; sx q[15]; sx q[22]; rz(-pi/2) q[22]; ecr q[15],q[22]; sx q[15]; rz(pi/2) q[15]; ecr q[4],q[15]; x q[4]; rz(pi/2) q[22]; sx q[22]; rz(-pi) q[23]; sx q[23]; rz(pi/2) q[23]; rz(-pi/2) q[24]; sx q[24]; sx q[34]; rz(-pi/2) q[34]; ecr q[24],q[34]; rz(pi/2) q[24]; sx q[24]; rz(-pi) q[34]; sx q[34]; rz(pi/2) q[34]; ecr q[24],q[34]; rz(-pi/2) q[24]; sx q[24]; sx q[34]; rz(-pi/2) q[34]; ecr q[24],q[34]; rz(pi/2) q[24]; sx q[24]; ecr q[24],q[23]; sx q[23]; rz(-pi/2) q[23]; rz(-pi/2) q[24]; sx q[24]; ecr q[24],q[23]; rz(-pi) q[23]; sx q[23]; rz(pi/2) q[23]; rz(pi/2) q[24]; sx q[24]; ecr q[24],q[23]; rz(-pi) q[23]; sx q[23]; rz(-pi) q[23]; ecr q[22],q[23]; x q[22]; rz(pi/2) q[34]; sx q[34]; rz(pi/2) q[34]; measure q[22] -> c[0]; reset q[22]; measure q[4] -> c[1]; reset q[4]; barrier q[64],q[63],q[65],q[113],q[75],q[90],q[76],q[82],q[2],q[5],q[3],q[115],q[22],q[4],q[6],q[107],q[18],q[78],q[12],q[52],q[1],q[38],q[112],q[98],q[103],q[40],q[89],q[94],q[119],q[108],q[72],q[122],q[118],q[50],q[120],q[125],q[14],q[55],q[106],q[116],q[17],q[11],q[31],q[110],q[30],q[44],q[32],q[71],q[100],q[88],q[111],q[0],q[73],q[69],q[70],q[104],q[16],q[23],q[29],q[43],q[34],q[27],q[10],q[121],q[45],q[15],q[42],q[35],q[114],q[57],q[99],q[97],q[8],q[26],q[28],q[9],q[95],q[91],q[56],q[123],q[25],q[36],q[93],q[51],q[77],q[101],q[105],q[96],q[49],q[84],q[109],q[86],q[67],q[66],q[117],q[13],q[41],q[54],q[24],q[126],q[20],q[80],q[21],q[48],q[7],q[47],q[74],q[46],q[124],q[39],q[19],q[85],q[33],q[102],q[81],q[83],q[61],q[62],q[60],q[53],q[59],q[58],q[87],q[79],q[68],q[92],q[37]; rz(-pi/2) q[4]; sx q[4]; sx q[5]; rz(-pi/2) q[6]; sx q[6]; rz(pi/2) q[7]; sx q[7]; sx q[8]; sx q[9]; rz(-pi/2) q[10]; sx q[10]; sx q[11]; rz(-pi/2) q[11]; ecr q[10],q[11]; rz(pi/2) q[10]; sx q[10]; rz(-pi) q[11]; sx q[11]; rz(pi/2) q[11]; ecr q[10],q[11]; rz(-pi/2) q[10]; sx q[10]; sx q[11]; rz(-pi/2) q[11]; ecr q[10],q[11]; rz(pi/2) q[10]; sx q[10]; ecr q[10],q[9]; sx q[9]; rz(-pi/2) q[9]; rz(-pi/2) q[10]; sx q[10]; ecr q[10],q[9]; rz(-pi) q[9]; sx q[9]; rz(pi/2) q[9]; rz(pi/2) q[10]; sx q[10]; ecr q[10],q[9]; rz(-pi) q[9]; sx q[9]; rz(-pi) q[9]; rz(pi/2) q[11]; sx q[11]; rz(pi/2) q[11]; rz(-pi/2) q[15]; rz(-pi/2) q[16]; sx q[16]; sx q[20]; rz(pi/2) q[20]; x q[21]; rz(-pi/2) q[21]; sx q[22]; ecr q[15],q[22]; rz(-pi/2) q[15]; sx q[15]; sx q[22]; rz(-pi/2) q[22]; ecr q[15],q[22]; rz(pi/2) q[15]; sx q[15]; rz(-pi) q[22]; sx q[22]; rz(pi/2) q[22]; ecr q[15],q[22]; rz(-pi/2) q[15]; sx q[15]; rz(-pi/2) q[22]; sx q[22]; rz(-pi) q[22]; sx q[23]; rz(-pi/2) q[24]; sx q[24]; rz(-pi) q[24]; rz(-pi/2) q[25]; sx q[25]; rz(-pi/2) q[26]; sx q[26]; rz(-pi/2) q[33]; sx q[33]; rz(-pi/2) q[34]; sx q[34]; sx q[39]; rz(-pi/2) q[40]; sx q[40]; rz(-pi) q[41]; sx q[41]; rz(-pi/2) q[42]; sx q[42]; ecr q[42],q[41]; rz(-pi) q[41]; sx q[41]; rz(pi/2) q[41]; rz(pi/2) q[42]; sx q[42]; ecr q[42],q[41]; sx q[41]; rz(-pi/2) q[41]; rz(-pi/2) q[42]; sx q[42]; ecr q[42],q[41]; rz(-pi) q[41]; sx q[41]; rz(pi/2) q[41]; rz(pi/2) q[42]; sx q[42]; sx q[43]; ecr q[42],q[43]; rz(-pi/2) q[42]; sx q[42]; sx q[43]; rz(-pi/2) q[43]; ecr q[42],q[43]; rz(pi/2) q[42]; sx q[42]; rz(-pi) q[43]; sx q[43]; rz(pi/2) q[43]; ecr q[42],q[43]; rz(-pi/2) q[42]; sx q[42]; rz(-pi) q[42]; rz(-pi/2) q[43]; rz(-pi/2) q[44]; sx q[44]; sx q[45]; rz(-pi/2) q[54]; ecr q[54],q[45]; sx q[45]; rz(-pi/2) q[45]; rz(-pi/2) q[54]; sx q[54]; ecr q[54],q[45]; rz(-pi) q[45]; sx q[45]; rz(pi/2) q[45]; rz(pi/2) q[54]; sx q[54]; ecr q[54],q[45]; sx q[45]; rz(-pi/2) q[45]; ecr q[44],q[45]; rz(pi/2) q[44]; sx q[44]; rz(-pi) q[45]; sx q[45]; rz(pi/2) q[45]; ecr q[44],q[45]; rz(-pi/2) q[44]; sx q[44]; sx q[45]; rz(-pi/2) q[45]; ecr q[44],q[45]; sx q[44]; rz(pi/2) q[44]; ecr q[43],q[44]; rz(-pi) q[43]; sx q[43]; rz(pi/2) q[43]; ecr q[34],q[43]; rz(pi/2) q[34]; sx q[34]; rz(-pi) q[43]; sx q[43]; rz(pi/2) q[43]; ecr q[34],q[43]; rz(-pi/2) q[34]; sx q[34]; sx q[43]; rz(-pi/2) q[43]; ecr q[34],q[43]; rz(-pi) q[34]; sx q[34]; ecr q[24],q[34]; rz(pi/2) q[24]; sx q[24]; ecr q[24],q[23]; sx q[23]; rz(-pi/2) q[23]; rz(-pi/2) q[24]; sx q[24]; ecr q[24],q[23]; rz(-pi) q[23]; sx q[23]; rz(pi/2) q[23]; rz(pi/2) q[24]; sx q[24]; ecr q[24],q[23]; sx q[23]; rz(-pi/2) q[23]; ecr q[22],q[23]; x q[22]; rz(-pi/2) q[22]; sx q[23]; rz(pi/2) q[23]; rz(-pi/2) q[24]; sx q[24]; rz(-pi) q[24]; sx q[34]; ecr q[24],q[34]; rz(pi/2) q[24]; sx q[24]; ecr q[24],q[23]; sx q[23]; rz(-pi/2) q[23]; rz(-pi/2) q[24]; sx q[24]; ecr q[24],q[23]; rz(-pi) q[23]; sx q[23]; rz(pi/2) q[23]; rz(pi/2) q[24]; sx q[24]; ecr q[24],q[23]; sx q[23]; rz(-pi/2) q[23]; ecr q[22],q[23]; rz(pi/2) q[22]; sx q[22]; rz(-pi) q[23]; sx q[23]; rz(pi/2) q[23]; ecr q[22],q[23]; rz(-pi/2) q[22]; sx q[22]; sx q[23]; rz(-pi/2) q[23]; ecr q[22],q[23]; rz(-pi) q[22]; sx q[22]; ecr q[21],q[22]; rz(pi/2) q[21]; sx q[21]; rz(-pi) q[22]; sx q[22]; rz(pi/2) q[22]; ecr q[21],q[22]; rz(-pi/2) q[21]; sx q[21]; sx q[22]; rz(-pi/2) q[22]; ecr q[21],q[22]; rz(pi/2) q[21]; sx q[21]; ecr q[21],q[20]; rz(-pi/2) q[20]; sx q[20]; rz(-pi) q[20]; rz(-pi/2) q[21]; sx q[21]; rz(-pi) q[22]; sx q[22]; ecr q[21],q[22]; x q[21]; rz(-pi/2) q[21]; x q[22]; rz(pi/2) q[22]; rz(-pi) q[23]; sx q[23]; ecr q[22],q[23]; rz(pi/2) q[22]; sx q[22]; rz(-pi) q[23]; sx q[23]; rz(pi/2) q[23]; ecr q[22],q[23]; rz(-pi/2) q[22]; sx q[22]; sx q[23]; rz(-pi/2) q[23]; ecr q[22],q[23]; rz(-pi) q[22]; sx q[22]; rz(-pi) q[23]; sx q[23]; rz(-pi/2) q[24]; sx q[24]; rz(-pi/2) q[34]; sx q[34]; rz(pi/2) q[34]; x q[43]; rz(-pi/2) q[43]; sx q[44]; rz(-pi/2) q[44]; ecr q[43],q[44]; rz(pi/2) q[43]; sx q[43]; rz(-pi) q[44]; sx q[44]; rz(pi/2) q[44]; ecr q[43],q[44]; rz(-pi/2) q[43]; sx q[43]; sx q[44]; rz(-pi/2) q[44]; ecr q[43],q[44]; rz(-pi) q[43]; sx q[43]; ecr q[42],q[43]; rz(pi/2) q[42]; sx q[42]; ecr q[42],q[41]; sx q[41]; rz(-pi/2) q[41]; rz(-pi/2) q[42]; sx q[42]; ecr q[42],q[41]; rz(-pi) q[41]; sx q[41]; rz(pi/2) q[41]; rz(pi/2) q[42]; sx q[42]; ecr q[42],q[41]; sx q[41]; rz(-pi/2) q[41]; ecr q[40],q[41]; rz(pi/2) q[40]; sx q[40]; rz(-pi) q[41]; sx q[41]; rz(pi/2) q[41]; ecr q[40],q[41]; rz(-pi/2) q[40]; sx q[40]; sx q[41]; rz(-pi/2) q[41]; ecr q[40],q[41]; rz(pi/2) q[40]; sx q[40]; ecr q[40],q[39]; sx q[39]; rz(-pi/2) q[39]; rz(-pi/2) q[40]; sx q[40]; ecr q[40],q[39]; rz(-pi) q[39]; sx q[39]; rz(pi/2) q[39]; rz(pi/2) q[40]; sx q[40]; ecr q[40],q[39]; sx q[39]; rz(-pi/2) q[39]; ecr q[33],q[39]; rz(pi/2) q[33]; sx q[33]; rz(-pi) q[39]; sx q[39]; rz(pi/2) q[39]; ecr q[33],q[39]; rz(-pi/2) q[33]; sx q[33]; sx q[39]; rz(-pi/2) q[39]; ecr q[33],q[39]; rz(-pi) q[33]; sx q[33]; ecr q[20],q[33]; rz(-pi) q[20]; sx q[20]; ecr q[21],q[20]; rz(-pi) q[20]; sx q[20]; rz(pi/2) q[20]; rz(pi/2) q[21]; sx q[21]; ecr q[21],q[20]; sx q[20]; rz(-pi/2) q[20]; rz(-pi/2) q[21]; sx q[21]; ecr q[21],q[20]; rz(-pi) q[20]; sx q[20]; x q[21]; rz(pi/2) q[21]; ecr q[21],q[22]; rz(-pi/2) q[21]; x q[22]; rz(-pi/2) q[22]; ecr q[22],q[23]; rz(-pi) q[22]; sx q[22]; rz(pi/2) q[22]; ecr q[21],q[22]; rz(-pi/2) q[21]; sx q[21]; sx q[22]; rz(-pi/2) q[22]; ecr q[21],q[22]; rz(pi/2) q[21]; sx q[21]; rz(-pi) q[22]; sx q[22]; rz(pi/2) q[22]; ecr q[21],q[22]; rz(-pi/2) q[21]; sx q[21]; ecr q[21],q[20]; rz(-pi) q[20]; sx q[20]; rz(pi/2) q[20]; rz(pi/2) q[21]; sx q[21]; ecr q[21],q[20]; sx q[20]; rz(-pi/2) q[20]; rz(-pi/2) q[21]; sx q[21]; ecr q[21],q[20]; rz(-pi) q[20]; sx q[20]; x q[21]; rz(pi/2) q[21]; rz(-pi/2) q[22]; sx q[22]; rz(pi/2) q[23]; sx q[23]; rz(-1.8943803701146456) q[23]; sx q[23]; rz(pi/2) q[23]; ecr q[22],q[23]; rz(pi/2) q[22]; sx q[22]; rz(-pi) q[23]; sx q[23]; rz(pi/2) q[23]; ecr q[22],q[23]; rz(-pi/2) q[22]; sx q[22]; sx q[23]; rz(-pi/2) q[23]; ecr q[22],q[23]; rz(-pi) q[22]; sx q[22]; ecr q[21],q[22]; x q[21]; rz(-pi/2) q[21]; ecr q[21],q[20]; rz(-pi) q[20]; sx q[20]; rz(pi/2) q[20]; rz(pi/2) q[21]; sx q[21]; ecr q[21],q[20]; sx q[20]; rz(-pi/2) q[20]; rz(-pi/2) q[21]; sx q[21]; ecr q[21],q[20]; rz(pi/2) q[20]; sx q[20]; rz(pi/2) q[20]; x q[21]; rz(pi/2) q[21]; sx q[22]; ecr q[21],q[22]; rz(pi/2) q[21]; sx q[21]; rz(pi/2) q[21]; rz(-pi) q[22]; sx q[22]; rz(-pi/2) q[22]; ecr q[15],q[22]; rz(pi/2) q[15]; sx q[15]; rz(-pi) q[22]; sx q[22]; rz(pi/2) q[22]; ecr q[15],q[22]; rz(-pi/2) q[15]; sx q[15]; sx q[22]; rz(-pi/2) q[22]; ecr q[15],q[22]; rz(-pi) q[15]; sx q[15]; ecr q[4],q[15]; rz(pi/2) q[4]; sx q[4]; rz(-pi) q[15]; sx q[15]; rz(pi/2) q[15]; ecr q[4],q[15]; rz(-pi/2) q[4]; sx q[4]; sx q[15]; rz(-pi/2) q[15]; ecr q[4],q[15]; rz(pi/2) q[4]; sx q[4]; ecr q[4],q[5]; rz(-pi/2) q[4]; sx q[4]; sx q[5]; rz(-pi/2) q[5]; ecr q[4],q[5]; rz(pi/2) q[4]; sx q[4]; rz(-pi) q[5]; sx q[5]; rz(pi/2) q[5]; ecr q[4],q[5]; rz(-pi) q[5]; sx q[5]; rz(-pi) q[5]; rz(pi/2) q[15]; sx q[15]; rz(pi/2) q[15]; rz(pi/2) q[22]; sx q[22]; rz(pi/2) q[22]; rz(-pi) q[23]; sx q[23]; ecr q[24],q[23]; rz(-pi) q[23]; sx q[23]; rz(pi/2) q[23]; rz(pi/2) q[24]; sx q[24]; ecr q[24],q[23]; sx q[23]; rz(-pi/2) q[23]; rz(-pi/2) q[24]; sx q[24]; ecr q[24],q[23]; rz(pi/2) q[23]; sx q[23]; rz(pi/2) q[23]; rz(-pi) q[24]; sx q[24]; ecr q[25],q[24]; rz(-pi) q[24]; sx q[24]; rz(pi/2) q[24]; rz(pi/2) q[25]; sx q[25]; ecr q[25],q[24]; sx q[24]; rz(-pi/2) q[24]; rz(-pi/2) q[25]; sx q[25]; ecr q[25],q[24]; rz(pi/2) q[24]; sx q[24]; rz(pi/2) q[24]; rz(-pi) q[25]; sx q[25]; ecr q[26],q[25]; rz(-pi) q[25]; sx q[25]; rz(pi/2) q[25]; rz(pi/2) q[26]; sx q[26]; ecr q[26],q[25]; sx q[25]; rz(-pi/2) q[25]; rz(-pi/2) q[26]; sx q[26]; ecr q[26],q[25]; rz(pi/2) q[25]; sx q[25]; rz(pi/2) q[25]; rz(-pi) q[26]; sx q[26]; ecr q[16],q[26]; rz(pi/2) q[16]; sx q[16]; rz(-pi) q[26]; sx q[26]; rz(pi/2) q[26]; ecr q[16],q[26]; rz(-pi/2) q[16]; sx q[16]; sx q[26]; rz(-pi/2) q[26]; ecr q[16],q[26]; rz(pi/2) q[16]; sx q[16]; ecr q[16],q[8]; sx q[8]; rz(-pi/2) q[8]; rz(-pi/2) q[16]; sx q[16]; ecr q[16],q[8]; rz(-pi) q[8]; sx q[8]; rz(pi/2) q[8]; rz(pi/2) q[16]; sx q[16]; ecr q[16],q[8]; rz(-pi/2) q[8]; ecr q[8],q[9]; x q[8]; rz(-pi/2) q[8]; rz(-11*pi/12) q[9]; sx q[9]; rz(-pi) q[9]; ecr q[8],q[9]; sx q[8]; ecr q[7],q[8]; rz(-pi) q[7]; sx q[7]; rz(pi/2) q[7]; ecr q[6],q[7]; rz(pi/2) q[6]; sx q[6]; rz(-pi) q[7]; sx q[7]; rz(pi/2) q[7]; ecr q[6],q[7]; rz(-pi/2) q[6]; sx q[6]; sx q[7]; rz(-pi/2) q[7]; ecr q[6],q[7]; rz(pi/2) q[6]; sx q[6]; ecr q[6],q[5]; rz(pi/2) q[6]; sx q[6]; rz(-pi/2) q[6]; rz(pi/2) q[7]; sx q[7]; rz(pi/2) q[7]; rz(pi/2) q[26]; sx q[26]; rz(pi/2) q[26]; rz(-pi/2) q[33]; sx q[33]; rz(pi/2) q[33]; rz(pi/2) q[39]; sx q[39]; rz(pi/2) q[39]; rz(pi/2) q[41]; sx q[41]; rz(pi/2) q[41]; rz(-pi/2) q[43]; sx q[43]; rz(pi/2) q[43]; rz(pi/2) q[44]; sx q[44]; rz(pi/2) q[44]; rz(pi/2) q[45]; sx q[45]; rz(pi/2) q[45]; measure q[6] -> c[8]; barrier q[64],q[63],q[65],q[113],q[75],q[90],q[76],q[82],q[2],q[4],q[3],q[115],q[22],q[15],q[7],q[107],q[18],q[78],q[12],q[52],q[1],q[38],q[112],q[98],q[103],q[41],q[89],q[94],q[119],q[108],q[72],q[122],q[118],q[50],q[120],q[125],q[14],q[55],q[106],q[116],q[17],q[9],q[31],q[110],q[30],q[45],q[32],q[71],q[100],q[88],q[111],q[0],q[73],q[69],q[70],q[104],q[26],q[20],q[29],q[33],q[44],q[27],q[11],q[121],q[54],q[21],q[42],q[35],q[114],q[57],q[99],q[97],q[16],q[25],q[28],q[10],q[95],q[91],q[56],q[123],q[24],q[36],q[93],q[51],q[77],q[101],q[105],q[96],q[49],q[84],q[109],q[86],q[67],q[66],q[117],q[13],q[34],q[43],q[23],q[126],q[8],q[80],q[5],q[48],q[6],q[47],q[74],q[46],q[124],q[40],q[19],q[85],q[39],q[102],q[81],q[83],q[61],q[62],q[60],q[53],q[59],q[58],q[87],q[79],q[68],q[92],q[37]; sx q[19]; rz(pi/2) q[19]; rz(-pi/5) q[20]; ecr q[20],q[19]; sx q[19]; rz(-pi/2) q[19]; rz(-pi/2) q[20]; sx q[20]; rz(-pi) q[20]; ecr q[20],q[19]; rz(-pi) q[19]; sx q[19]; rz(pi/2) q[19]; rz(pi/2) q[20]; sx q[20]; ecr q[20],q[19]; sx q[19]; rz(-pi/2) q[19]; rz(-pi/2) q[20]; sx q[20]; ecr q[20],q[19]; rz(-pi) q[19]; sx q[19]; x q[20]; rz(pi/2) q[20]; rz(-3*pi/10) q[21]; rz(-pi/2) q[22]; sx q[22]; sx q[23]; sx q[24]; rz(pi/10) q[25]; ecr q[25],q[24]; sx q[24]; rz(-pi/2) q[24]; rz(-pi/2) q[25]; sx q[25]; ecr q[25],q[24]; rz(-pi) q[24]; sx q[24]; rz(pi/2) q[24]; rz(pi/2) q[25]; sx q[25]; ecr q[25],q[24]; rz(-pi/2) q[24]; ecr q[24],q[23]; sx q[23]; rz(-pi/2) q[23]; rz(-pi/2) q[24]; sx q[24]; ecr q[24],q[23]; rz(-pi) q[23]; sx q[23]; rz(pi/2) q[23]; rz(pi/2) q[24]; sx q[24]; ecr q[24],q[23]; sx q[23]; rz(-pi/2) q[23]; ecr q[22],q[23]; rz(pi/2) q[22]; sx q[22]; rz(-pi) q[23]; sx q[23]; rz(pi/2) q[23]; ecr q[22],q[23]; rz(-pi/2) q[22]; sx q[22]; sx q[23]; rz(-pi/2) q[23]; ecr q[22],q[23]; rz(-pi) q[22]; sx q[22]; rz(-pi) q[23]; sx q[23]; rz(pi/2) q[23]; rz(-pi/2) q[24]; sx q[24]; rz(-pi/2) q[25]; sx q[25]; sx q[26]; sx q[27]; rz(-pi/2) q[28]; sx q[28]; sx q[29]; rz(-pi/2) q[30]; sx q[30]; sx q[31]; rz(-pi/2) q[31]; ecr q[30],q[31]; rz(pi/2) q[30]; sx q[30]; rz(-pi) q[31]; sx q[31]; rz(pi/2) q[31]; ecr q[30],q[31]; rz(-pi/2) q[30]; sx q[30]; sx q[31]; rz(-pi/2) q[31]; ecr q[30],q[31]; rz(pi/2) q[30]; sx q[30]; ecr q[30],q[29]; sx q[29]; rz(-pi/2) q[29]; rz(-pi/2) q[30]; sx q[30]; ecr q[30],q[29]; rz(-pi) q[29]; sx q[29]; rz(pi/2) q[29]; rz(pi/2) q[30]; sx q[30]; ecr q[30],q[29]; sx q[29]; rz(-pi/2) q[29]; ecr q[28],q[29]; rz(pi/2) q[28]; sx q[28]; rz(-pi) q[29]; sx q[29]; rz(pi/2) q[29]; ecr q[28],q[29]; rz(-pi/2) q[28]; sx q[28]; sx q[29]; rz(-pi/2) q[29]; ecr q[28],q[29]; rz(pi/2) q[28]; sx q[28]; ecr q[28],q[27]; sx q[27]; rz(-pi/2) q[27]; rz(-pi/2) q[28]; sx q[28]; ecr q[28],q[27]; rz(-pi) q[27]; sx q[27]; rz(pi/2) q[27]; rz(pi/2) q[28]; sx q[28]; ecr q[28],q[27]; rz(-pi/2) q[27]; ecr q[27],q[26]; sx q[26]; rz(-pi/2) q[26]; rz(-pi/2) q[27]; sx q[27]; ecr q[27],q[26]; rz(-pi) q[26]; sx q[26]; rz(pi/2) q[26]; rz(pi/2) q[27]; sx q[27]; ecr q[27],q[26]; rz(-pi/2) q[26]; sx q[26]; rz(-pi) q[26]; rz(pi/2) q[29]; sx q[29]; rz(pi/2) q[29]; rz(pi/2) q[31]; sx q[31]; rz(pi/2) q[31]; rz(pi/2) q[33]; sx q[33]; rz(-pi/2) q[33]; ecr q[20],q[33]; sx q[20]; rz(pi/2) q[20]; ecr q[21],q[20]; sx q[20]; rz(-pi/2) q[20]; rz(-pi/2) q[21]; sx q[21]; rz(-pi) q[21]; ecr q[21],q[20]; rz(-pi) q[20]; sx q[20]; rz(pi/2) q[20]; rz(pi/2) q[21]; sx q[21]; ecr q[21],q[20]; sx q[20]; rz(-pi/2) q[20]; rz(-pi/2) q[21]; sx q[21]; ecr q[21],q[20]; x q[20]; rz(-pi/2) q[20]; ecr q[20],q[19]; rz(-pi) q[19]; sx q[19]; rz(pi/2) q[19]; rz(pi/2) q[20]; sx q[20]; ecr q[20],q[19]; sx q[19]; rz(-pi/2) q[19]; rz(-pi/2) q[20]; sx q[20]; ecr q[20],q[19]; rz(-pi) q[19]; sx q[19]; rz(-pi) q[20]; sx q[20]; x q[21]; rz(pi/2) q[21]; ecr q[21],q[22]; rz(-pi/2) q[21]; sx q[21]; rz(-0.3235840433197481) q[21]; sx q[21]; ecr q[21],q[20]; x q[20]; rz(pi/2) q[20]; x q[21]; rz(pi/2) q[21]; sx q[22]; sx q[33]; ecr q[20],q[33]; rz(pi/2) q[20]; sx q[20]; rz(-pi) q[33]; sx q[33]; rz(pi/2) q[33]; ecr q[20],q[33]; rz(-pi/2) q[20]; sx q[20]; sx q[33]; rz(-pi/2) q[33]; ecr q[20],q[33]; rz(-pi) q[20]; sx q[20]; ecr q[21],q[20]; x q[20]; rz(-pi/2) q[20]; x q[21]; rz(pi/2) q[21]; x q[33]; rz(pi/2) q[33]; rz(-pi) q[39]; sx q[39]; ecr q[33],q[39]; x q[33]; rz(-pi/2) q[33]; sx q[39]; ecr q[33],q[39]; rz(pi/2) q[33]; sx q[33]; rz(-pi) q[39]; sx q[39]; rz(pi/2) q[39]; ecr q[33],q[39]; rz(-pi/2) q[33]; sx q[33]; sx q[39]; rz(-pi/2) q[39]; ecr q[33],q[39]; rz(-pi) q[33]; sx q[33]; ecr q[20],q[33]; x q[20]; rz(-pi/2) q[20]; ecr q[20],q[19]; rz(-pi) q[19]; sx q[19]; rz(pi/2) q[19]; rz(pi/2) q[20]; sx q[20]; ecr q[20],q[19]; sx q[19]; rz(-pi/2) q[19]; rz(-pi/2) q[20]; sx q[20]; ecr q[20],q[19]; sx q[19]; rz(pi/2) q[19]; rz(-pi) q[20]; sx q[20]; ecr q[21],q[20]; x q[20]; rz(-pi/2) q[20]; x q[21]; rz(pi/2) q[21]; ecr q[21],q[22]; x q[21]; rz(-pi/2) q[21]; sx q[22]; ecr q[21],q[22]; rz(pi/2) q[21]; sx q[21]; rz(-pi) q[22]; sx q[22]; rz(pi/2) q[22]; ecr q[21],q[22]; rz(-pi/2) q[21]; sx q[21]; sx q[22]; rz(-pi/2) q[22]; ecr q[21],q[22]; x q[21]; rz(pi/2) q[21]; rz(pi/2) q[22]; sx q[22]; ecr q[22],q[23]; rz(-pi/2) q[22]; sx q[22]; sx q[23]; rz(-pi/2) q[23]; ecr q[22],q[23]; rz(pi/2) q[22]; sx q[22]; rz(-pi) q[23]; sx q[23]; rz(pi/2) q[23]; ecr q[22],q[23]; sx q[23]; rz(-pi/2) q[23]; ecr q[24],q[23]; rz(-pi) q[23]; sx q[23]; rz(pi/2) q[23]; rz(pi/2) q[24]; sx q[24]; ecr q[24],q[23]; sx q[23]; rz(-pi/2) q[23]; rz(-pi/2) q[24]; sx q[24]; ecr q[24],q[23]; rz(pi/2) q[23]; sx q[23]; rz(pi/2) q[23]; rz(-pi) q[24]; sx q[24]; ecr q[25],q[24]; rz(-pi) q[24]; sx q[24]; rz(pi/2) q[24]; rz(pi/2) q[25]; sx q[25]; ecr q[25],q[24]; sx q[24]; rz(-pi/2) q[24]; rz(-pi/2) q[25]; sx q[25]; ecr q[25],q[24]; rz(pi/2) q[24]; sx q[24]; rz(pi/2) q[24]; rz(-pi) q[25]; sx q[25]; ecr q[26],q[25]; sx q[25]; rz(-pi/2) q[26]; sx q[26]; rz(-0.1941504259918485) q[26]; sx q[26]; ecr q[26],q[25]; rz(-pi) q[25]; rz(pi/2) q[26]; sx q[26]; rz(pi/2) q[26]; sx q[33]; ecr q[20],q[33]; x q[20]; rz(-pi/2) q[20]; sx q[33]; ecr q[20],q[33]; rz(pi/2) q[20]; sx q[20]; rz(-pi) q[33]; sx q[33]; rz(pi/2) q[33]; ecr q[20],q[33]; rz(-pi/2) q[20]; sx q[20]; sx q[33]; rz(-pi/2) q[33]; ecr q[20],q[33]; rz(-pi) q[20]; sx q[20]; ecr q[21],q[20]; rz(-pi/2) q[20]; sx q[20]; rz(0.24268803248981197) q[20]; x q[21]; rz(pi/2) q[21]; x q[33]; rz(-pi/2) q[33]; rz(-pi) q[39]; sx q[39]; ecr q[33],q[39]; rz(pi/2) q[33]; sx q[33]; rz(-pi) q[39]; sx q[39]; rz(pi/2) q[39]; ecr q[33],q[39]; rz(-pi/2) q[33]; sx q[33]; sx q[39]; rz(-pi/2) q[39]; ecr q[33],q[39]; sx q[33]; rz(pi/2) q[33]; ecr q[20],q[33]; x q[20]; rz(-pi/2) q[20]; ecr q[20],q[19]; x q[20]; rz(-pi/2) q[20]; rz(-pi/2) q[33]; sx q[33]; rz(-pi) q[39]; sx q[39]; ecr q[33],q[39]; rz(pi/2) q[33]; sx q[33]; rz(-pi) q[39]; sx q[39]; rz(pi/2) q[39]; ecr q[33],q[39]; rz(-pi/2) q[33]; sx q[33]; sx q[39]; rz(-pi/2) q[39]; ecr q[33],q[39]; sx q[33]; rz(pi/2) q[33]; ecr q[20],q[33]; rz(-pi) q[20]; sx q[20]; rz(pi/2) q[20]; ecr q[21],q[20]; rz(-pi/2) q[20]; sx q[20]; rz(pi/2) q[20]; rz(pi/2) q[21]; sx q[21]; rz(pi/2) q[21]; rz(pi/2) q[39]; sx q[39]; rz(pi/2) q[39]; measure q[25] -> c[16]; measure q[20] -> c[17]; barrier q[64],q[63],q[65],q[113],q[75],q[90],q[76],q[82],q[2],q[4],q[3],q[115],q[22],q[15],q[7],q[107],q[18],q[78],q[12],q[52],q[1],q[38],q[112],q[98],q[103],q[41],q[89],q[94],q[119],q[108],q[72],q[122],q[118],q[50],q[120],q[125],q[14],q[55],q[106],q[116],q[17],q[9],q[26],q[110],q[31],q[45],q[32],q[71],q[100],q[88],q[111],q[0],q[73],q[69],q[70],q[104],q[27],q[39],q[30],q[19],q[44],q[28],q[11],q[121],q[54],q[33],q[42],q[35],q[114],q[57],q[99],q[97],q[16],q[21],q[29],q[10],q[95],q[91],q[56],q[123],q[24],q[36],q[93],q[51],q[77],q[101],q[105],q[96],q[49],q[84],q[109],q[86],q[67],q[66],q[117],q[13],q[34],q[43],q[23],q[126],q[8],q[80],q[5],q[48],q[6],q[47],q[74],q[46],q[124],q[40],q[25],q[85],q[20],q[102],q[81],q[83],q[61],q[62],q[60],q[53],q[59],q[58],q[87],q[79],q[68],q[92],q[37]; rz(pi/2) q[19]; sx q[19]; rz(-2.8415926535897933) q[19]; sx q[19]; rz(pi/2) q[19]; rz(pi/2) q[33]; sx q[33]; rz(-2.441592653589794) q[33]; sx q[33]; rz(pi/2) q[33]; rz(pi/2) q[39]; sx q[39]; rz(-2.641592653589793) q[39]; sx q[39]; rz(pi/2) q[39]; rz(-pi/2) q[53]; sx q[53]; rz(-pi) q[53]; rz(pi/2) q[58]; sx q[58]; rz(pi/2) q[59]; sx q[59]; rz(-pi/2) q[60]; sx q[60]; rz(-pi) q[60]; rz(-pi) q[61]; sx q[61]; rz(-pi/2) q[62]; sx q[62]; rz(-pi) q[62]; ecr q[62],q[61]; sx q[61]; ecr q[60],q[61]; rz(pi/2) q[60]; sx q[60]; rz(1.8707963267948964) q[60]; sx q[60]; ecr q[59],q[60]; rz(-pi/2) q[59]; sx q[59]; sx q[60]; rz(-pi/2) q[60]; ecr q[59],q[60]; rz(pi/2) q[59]; sx q[59]; rz(-pi) q[60]; sx q[60]; rz(pi/2) q[60]; ecr q[59],q[60]; rz(-pi/2) q[59]; sx q[59]; rz(-pi) q[59]; rz(-pi/2) q[60]; sx q[60]; sx q[61]; ecr q[60],q[61]; rz(pi/2) q[60]; sx q[60]; rz(-pi) q[61]; sx q[61]; rz(pi/2) q[61]; ecr q[60],q[61]; rz(-pi/2) q[60]; sx q[60]; sx q[61]; rz(-pi/2) q[61]; ecr q[60],q[61]; rz(-pi) q[60]; sx q[60]; ecr q[53],q[60]; rz(-pi/2) q[53]; sx q[53]; rz(-0.6999999999999993) q[53]; sx q[53]; x q[60]; rz(pi/2) q[60]; rz(-pi) q[61]; sx q[61]; rz(-pi/2) q[62]; sx q[62]; rz(-0.5) q[62]; sx q[62]; ecr q[62],q[61]; sx q[61]; ecr q[60],q[61]; rz(pi/2) q[60]; sx q[60]; rz(-pi) q[61]; sx q[61]; rz(pi/2) q[61]; ecr q[60],q[61]; rz(-pi/2) q[60]; sx q[60]; sx q[61]; rz(-pi/2) q[61]; ecr q[60],q[61]; rz(-pi) q[60]; sx q[60]; ecr q[59],q[60]; x q[59]; rz(pi/2) q[59]; sx q[60]; ecr q[53],q[60]; x q[53]; rz(pi/2) q[53]; rz(-pi/2) q[60]; sx q[60]; rz(0.48537606497962305) q[60]; rz(-pi) q[61]; sx q[61]; rz(pi/2) q[61]; rz(pi/2) q[62]; sx q[62]; ecr q[62],q[61]; sx q[61]; rz(-pi/2) q[61]; rz(-pi/2) q[62]; sx q[62]; ecr q[62],q[61]; rz(-pi) q[61]; sx q[61]; rz(pi/2) q[61]; rz(pi/2) q[62]; sx q[62]; ecr q[62],q[61]; rz(-pi) q[61]; sx q[61]; rz(-pi) q[61]; ecr q[60],q[61]; rz(-pi) q[60]; sx q[60]; rz(pi/2) q[60]; ecr q[59],q[60]; x q[59]; rz(-pi/2) q[59]; sx q[60]; ecr q[53],q[60]; rz(pi/2) q[53]; sx q[53]; rz(pi/2) q[53]; rz(-pi/2) q[60]; sx q[60]; rz(pi/2) q[60]; measure q[60] -> c[24]; sx q[60]; rz(-pi/2) q[60]; ecr q[59],q[60]; rz(pi/2) q[59]; sx q[59]; rz(-pi) q[60]; sx q[60]; rz(pi/2) q[60]; ecr q[59],q[60]; rz(-pi/2) q[59]; sx q[59]; sx q[60]; rz(-pi/2) q[60]; ecr q[59],q[60]; sx q[59]; rz(pi/2) q[59]; ecr q[58],q[59]; rz(pi/2) q[58]; sx q[58]; rz(-pi/2) q[58]; rz(pi/2) q[60]; sx q[60]; rz(pi/2) q[60]; measure q[58] -> c[25]; barrier q[64],q[63],q[65],q[113],q[75],q[90],q[76],q[82],q[2],q[4],q[3],q[115],q[22],q[15],q[7],q[107],q[18],q[78],q[12],q[52],q[1],q[38],q[112],q[98],q[103],q[41],q[89],q[94],q[119],q[108],q[72],q[122],q[118],q[50],q[120],q[125],q[14],q[55],q[106],q[116],q[17],q[9],q[26],q[110],q[31],q[45],q[32],q[71],q[100],q[88],q[111],q[0],q[73],q[69],q[70],q[104],q[27],q[39],q[30],q[19],q[44],q[28],q[11],q[121],q[54],q[33],q[42],q[35],q[114],q[57],q[99],q[97],q[16],q[21],q[29],q[10],q[95],q[91],q[56],q[123],q[24],q[36],q[93],q[51],q[77],q[101],q[105],q[96],q[49],q[84],q[109],q[86],q[67],q[66],q[117],q[13],q[34],q[43],q[23],q[126],q[8],q[80],q[5],q[48],q[6],q[47],q[74],q[46],q[124],q[40],q[25],q[85],q[20],q[102],q[81],q[83],q[62],q[61],q[60],q[53],q[59],q[58],q[87],q[79],q[68],q[92],q[37]; measure q[2] -> c[6]; measure q[16] -> c[14]; measure q[17] -> c[10]; measure q[24] -> c[15]; measure q[27] -> c[12]; measure q[31] -> c[11]; measure q[54] -> c[13]; measure q[64] -> c[4]; measure q[75] -> c[5]; measure q[39] -> c[28]; measure q[33] -> c[29]; measure q[21] -> c[30]; measure q[24] -> c[31];",
        [],
        20480
      ]
    ],
    "version": 2,
    "support_qiskit": false
  },
  "program": {
    "id": "sampler"
  },
  "created": "2025-05-17T04:02:50.094Z",
  "ended": "2025-05-17T04:03:11.383Z",
  "runtime": "",
  "cost": 600,
  "tags": [
    "Magnum Opus 4.0",
    "Tesseract",
    "20480 shot",
    "composer-info:composer:true",
    "composer-info:code-id:94721c6e6fcc81fbf10150efbf2bf0a0a684bdbdc26adb8abc1ae7ed4eb1f8db",
    "composer-info:code-version-id:6828091578c4de33f3894063"
  ],
  "session_id": null,
  "usage": {
    "seconds": 0
  },
  "private": false,
  "user_id": "67ed858fef80b0ebb6c51676"
}