{
  "id": "d0xxmk27qc70008s9jrg",
  "hub": "ibm-q",
  "group": "open",
  "project": "main",
  "backend": "ibm_brisbane",
  "state": {
    "status": "Completed"
  },
  "status": "Completed",
  "params": {
    "pubs": [
      [
        "OPENQASM 2.0; include \"qelib1.inc\"; gate rzx(param0) q0,q1 { h q1; cx q0,q1; rz(param0) q1; cx q0,q1; h q1; } gate ecr q0,q1 { rzx(pi/4) q0,q1; x q0; rzx(-pi/4) q0,q1; } qreg q[127]; creg c[32]; sx q[1]; rz(-pi/2) q[1]; rz(-pi) q[2]; sx q[2]; rz(-pi) q[2]; reset q[3]; rz(-pi) q[3]; sx q[3]; rz(-pi/2) q[4]; sx q[4]; rz(-pi) q[4]; ecr q[4],q[3]; rz(-pi/2) q[3]; sx q[3]; ecr q[3],q[2]; rz(-pi/2) q[2]; sx q[2]; ecr q[2],q[1]; rz(-pi) q[1]; sx q[1]; rz(pi/2) q[1]; rz(pi/2) q[2]; sx q[2]; ecr q[2],q[1]; sx q[1]; rz(-pi/2) q[1]; rz(-pi/2) q[2]; sx q[2]; ecr q[2],q[1]; rz(pi/2) q[1]; sx q[1]; rz(pi/2) q[1]; sx q[2]; rz(pi/2) q[2]; rz(-pi) q[3]; sx q[3]; rz(-pi) q[3]; x q[4]; rz(-pi/2) q[4]; rz(-pi) q[5]; sx q[5]; ecr q[4],q[5]; rz(pi/2) q[4]; sx q[4]; rz(-pi) q[5]; sx q[5]; rz(pi/2) q[5]; ecr q[4],q[5]; rz(-pi/2) q[4]; sx q[4]; sx q[5]; rz(-pi/2) q[5]; ecr q[4],q[5]; rz(pi/2) q[4]; sx q[4]; rz(pi/2) q[5]; sx q[5]; rz(pi/2) q[5]; rz(-pi) q[15]; sx q[15]; rz(-pi) q[15]; ecr q[4],q[15]; x q[4]; rz(-pi/2) q[4]; ecr q[4],q[3]; sx q[3]; rz(-pi/2) q[3]; rz(-pi/2) q[4]; sx q[4]; ecr q[4],q[3]; rz(-pi) q[3]; sx q[3]; rz(pi/2) q[3]; rz(pi/2) q[4]; sx q[4]; ecr q[4],q[3]; rz(-pi/2) q[3]; ecr q[3],q[2]; x q[3]; reset q[35]; reset q[44]; reset q[48]; reset q[57]; reset q[61]; reset q[71]; reset q[95]; reset q[99]; barrier q[4],q[5],q[1],q[14],q[3],q[15],q[2],q[113],q[57],q[56],q[58],q[69],q[37],q[52],q[38],q[13],q[99],q[19],q[11],q[17],q[106],q[122],q[78],q[84],q[95],q[41],q[123],q[76],q[21],q[96],q[28],q[115],q[35],q[51],q[100],q[126],q[9],q[121],q[125],q[89],q[48],q[49],q[46],q[7],q[16],q[8],q[26],q[111],q[6],q[27],q[116],q[110],q[40],q[112],q[90],q[36],q[61],q[62],q[60],q[63],q[53],q[72],q[81],q[32],q[83],q[92],q[82],q[102],q[22],q[75],q[25],q[104],q[71],q[59],q[77],q[80],q[18],q[30],q[20],q[47],q[64],q[50],q[0],q[10],q[124],q[23],q[118],q[97],q[98],q[70],q[93],q[119],q[39],q[108],q[94],q[91],q[44],q[45],q[43],q[12],q[66],q[34],q[67],q[33],q[68],q[79],q[31],q[120],q[42],q[109],q[65],q[29],q[54],q[55],q[74],q[105],q[86],q[87],q[85],q[88],q[73],q[103],q[24],q[117],q[101],q[114],q[107]; rz(-pi) q[37]; sx q[37]; rz(-pi) q[38]; sx q[38]; rz(-pi) q[38]; rz(-pi/2) q[52]; sx q[52]; rz(-pi) q[52]; ecr q[52],q[37]; rz(-pi/2) q[37]; sx q[37]; ecr q[37],q[38]; x q[37]; rz(pi/2) q[52]; sx q[52]; rz(pi/2) q[52]; rz(-pi/2) q[56]; sx q[56]; rz(-pi) q[56]; rz(-pi) q[57]; sx q[57]; ecr q[56],q[57]; rz(pi/2) q[56]; sx q[56]; rz(pi/2) q[56]; rz(-pi/2) q[57]; sx q[57]; rz(-pi) q[58]; sx q[58]; rz(-pi) q[58]; ecr q[57],q[58]; x q[57]; barrier q[4],q[5],q[1],q[14],q[3],q[15],q[2],q[113],q[57],q[56],q[58],q[69],q[37],q[52],q[38],q[13],q[99],q[19],q[11],q[17],q[106],q[122],q[78],q[84],q[95],q[41],q[123],q[76],q[21],q[96],q[28],q[115],q[35],q[51],q[100],q[126],q[9],q[121],q[125],q[89],q[48],q[49],q[46],q[7],q[16],q[8],q[26],q[111],q[6],q[27],q[116],q[110],q[40],q[112],q[90],q[36],q[61],q[62],q[60],q[63],q[53],q[72],q[81],q[32],q[83],q[92],q[82],q[102],q[22],q[75],q[25],q[104],q[71],q[59],q[77],q[80],q[18],q[30],q[20],q[47],q[64],q[50],q[0],q[10],q[124],q[23],q[118],q[97],q[98],q[70],q[93],q[119],q[39],q[108],q[94],q[91],q[44],q[45],q[43],q[12],q[66],q[34],q[67],q[33],q[68],q[79],q[31],q[120],q[42],q[109],q[65],q[29],q[54],q[55],q[74],q[105],q[86],q[87],q[85],q[88],q[73],q[103],q[24],q[117],q[101],q[114],q[107]; rz(-pi) q[8]; sx q[8]; rz(-pi) q[8]; rz(pi/2) q[16]; sx q[16]; ecr q[16],q[8]; x q[16]; rz(-pi/2) q[16]; rz(-pi) q[26]; sx q[26]; rz(-pi) q[26]; ecr q[16],q[26]; x q[16]; rz(-pi/2) q[16]; sx q[26]; ecr q[16],q[26]; rz(-pi/2) q[16]; sx q[16]; sx q[26]; rz(-pi/2) q[26]; ecr q[16],q[26]; rz(pi/2) q[16]; sx q[16]; rz(-pi) q[26]; sx q[26]; rz(pi/2) q[26]; ecr q[16],q[26]; sx q[26]; rz(-pi/2) q[26]; rz(-pi/2) q[27]; sx q[27]; ecr q[27],q[26]; rz(-pi) q[26]; sx q[26]; rz(pi/2) q[26]; rz(pi/2) q[27]; sx q[27]; ecr q[27],q[26]; sx q[26]; rz(-pi/2) q[26]; rz(-pi/2) q[27]; sx q[27]; ecr q[27],q[26]; rz(pi/2) q[26]; sx q[26]; rz(pi/2) q[26]; sx q[27]; rz(pi/2) q[27]; rz(-pi/2) q[28]; sx q[28]; rz(-pi/2) q[35]; sx q[35]; rz(-pi/2) q[46]; sx q[46]; rz(-pi) q[46]; sx q[47]; rz(pi/2) q[48]; sx q[48]; rz(-pi) q[49]; sx q[49]; rz(-pi) q[49]; ecr q[48],q[49]; x q[48]; rz(-pi/2) q[48]; ecr q[48],q[47]; sx q[47]; rz(-pi/2) q[47]; rz(-pi/2) q[48]; sx q[48]; ecr q[48],q[47]; rz(-pi) q[47]; sx q[47]; rz(pi/2) q[47]; rz(pi/2) q[48]; sx q[48]; ecr q[48],q[47]; sx q[47]; rz(-pi/2) q[47]; ecr q[46],q[47]; rz(pi/2) q[46]; sx q[46]; rz(pi/2) q[46]; sx q[47]; ecr q[35],q[47]; rz(pi/2) q[35]; sx q[35]; rz(-pi) q[47]; sx q[47]; rz(pi/2) q[47]; ecr q[35],q[47]; rz(-pi/2) q[35]; sx q[35]; sx q[47]; rz(-pi/2) q[47]; ecr q[35],q[47]; rz(-pi) q[35]; sx q[35]; ecr q[28],q[35]; rz(pi/2) q[28]; sx q[28]; rz(-pi) q[35]; sx q[35]; rz(pi/2) q[35]; ecr q[28],q[35]; rz(-pi/2) q[28]; sx q[28]; sx q[35]; rz(-pi/2) q[35]; ecr q[28],q[35]; rz(pi/2) q[28]; sx q[28]; ecr q[28],q[27]; x q[28]; rz(pi/2) q[35]; sx q[35]; rz(pi/2) q[35]; rz(pi/2) q[47]; sx q[47]; rz(pi/2) q[47]; barrier q[4],q[5],q[1],q[14],q[3],q[15],q[2],q[113],q[57],q[56],q[58],q[69],q[37],q[52],q[38],q[13],q[99],q[19],q[11],q[17],q[106],q[122],q[78],q[84],q[95],q[41],q[123],q[76],q[21],q[96],q[35],q[115],q[47],q[51],q[100],q[126],q[9],q[121],q[125],q[89],q[28],q[49],q[46],q[7],q[27],q[8],q[16],q[111],q[6],q[26],q[116],q[110],q[40],q[112],q[90],q[36],q[61],q[62],q[60],q[63],q[53],q[72],q[81],q[32],q[83],q[92],q[82],q[102],q[22],q[75],q[25],q[104],q[71],q[59],q[77],q[80],q[18],q[30],q[20],q[48],q[64],q[50],q[0],q[10],q[124],q[23],q[118],q[97],q[98],q[70],q[93],q[119],q[39],q[108],q[94],q[91],q[44],q[45],q[43],q[12],q[66],q[34],q[67],q[33],q[68],q[79],q[31],q[120],q[42],q[109],q[65],q[29],q[54],q[55],q[74],q[105],q[86],q[87],q[85],q[88],q[73],q[103],q[24],q[117],q[101],q[114],q[107]; rz(-pi/2) q[53]; rz(-pi/2) q[60]; sx q[60]; rz(-pi) q[60]; rz(-pi) q[61]; sx q[61]; rz(-pi/2) q[62]; sx q[62]; rz(-pi) q[62]; ecr q[62],q[61]; sx q[61]; ecr q[60],q[61]; rz(-pi) q[60]; sx q[60]; rz(pi/2) q[60]; ecr q[53],q[60]; rz(-pi/2) q[53]; sx q[53]; sx q[60]; rz(-pi/2) q[60]; ecr q[53],q[60]; rz(pi/2) q[53]; sx q[53]; rz(-pi) q[60]; sx q[60]; rz(pi/2) q[60]; ecr q[53],q[60]; rz(-pi/2) q[60]; sx q[60]; rz(-pi) q[60]; sx q[61]; x q[62]; rz(-pi/2) q[62]; sx q[63]; rz(-pi/2) q[63]; ecr q[62],q[63]; rz(pi/2) q[62]; sx q[62]; rz(-pi) q[63]; sx q[63]; rz(pi/2) q[63]; ecr q[62],q[63]; rz(-pi/2) q[62]; sx q[62]; sx q[63]; rz(-pi/2) q[63]; ecr q[62],q[63]; x q[62]; rz(pi/2) q[62]; ecr q[62],q[61]; sx q[61]; ecr q[60],q[61]; rz(pi/2) q[60]; sx q[60]; rz(pi/2) q[60]; sx q[61]; x q[62]; rz(-pi/2) q[62]; rz(pi/2) q[63]; sx q[63]; rz(pi/2) q[63]; sx q[72]; rz(-pi/2) q[72]; ecr q[62],q[72]; rz(pi/2) q[62]; sx q[62]; rz(-pi) q[72]; sx q[72]; rz(pi/2) q[72]; ecr q[62],q[72]; rz(-pi/2) q[62]; sx q[62]; sx q[72]; rz(-pi/2) q[72]; ecr q[62],q[72]; x q[62]; rz(pi/2) q[62]; ecr q[62],q[61]; sx q[61]; x q[62]; rz(-pi/2) q[62]; rz(-pi) q[72]; sx q[72]; rz(pi/2) q[72]; rz(-pi/2) q[81]; ecr q[81],q[72]; sx q[72]; rz(-pi/2) q[72]; rz(-pi/2) q[81]; sx q[81]; ecr q[81],q[72]; rz(-pi) q[72]; sx q[72]; rz(pi/2) q[72]; rz(pi/2) q[81]; sx q[81]; ecr q[81],q[72]; sx q[72]; rz(-pi/2) q[72]; ecr q[62],q[72]; rz(pi/2) q[62]; sx q[62]; rz(-pi) q[72]; sx q[72]; rz(pi/2) q[72]; ecr q[62],q[72]; rz(-pi/2) q[62]; sx q[62]; sx q[72]; rz(-pi/2) q[72]; ecr q[62],q[72]; x q[62]; rz(pi/2) q[62]; ecr q[62],q[61]; rz(-pi/2) q[61]; sx q[61]; rz(pi/2) q[61]; rz(pi/2) q[62]; sx q[62]; rz(pi/2) q[62]; rz(pi/2) q[72]; sx q[72]; rz(pi/2) q[72]; barrier q[4],q[5],q[1],q[14],q[3],q[15],q[2],q[113],q[57],q[56],q[58],q[69],q[37],q[52],q[38],q[13],q[99],q[19],q[11],q[17],q[106],q[122],q[78],q[84],q[95],q[41],q[123],q[76],q[21],q[96],q[35],q[115],q[47],q[51],q[100],q[126],q[9],q[121],q[125],q[89],q[28],q[49],q[46],q[7],q[27],q[8],q[16],q[111],q[6],q[26],q[116],q[110],q[40],q[112],q[90],q[36],q[61],q[63],q[53],q[81],q[60],q[72],q[62],q[32],q[83],q[92],q[82],q[102],q[22],q[75],q[25],q[104],q[71],q[59],q[77],q[80],q[18],q[30],q[20],q[48],q[64],q[50],q[0],q[10],q[124],q[23],q[118],q[97],q[98],q[70],q[93],q[119],q[39],q[108],q[94],q[91],q[44],q[45],q[43],q[12],q[66],q[34],q[67],q[33],q[68],q[79],q[31],q[120],q[42],q[109],q[65],q[29],q[54],q[55],q[74],q[105],q[86],q[87],q[85],q[88],q[73],q[103],q[24],q[117],q[101],q[114],q[107]; rz(-pi/2) q[58]; sx q[58]; rz(-pi) q[59]; sx q[59]; rz(-pi) q[59]; rz(-pi) q[71]; sx q[71]; ecr q[58],q[71]; rz(pi/2) q[58]; sx q[58]; rz(-pi) q[71]; sx q[71]; rz(pi/2) q[71]; ecr q[58],q[71]; rz(-pi/2) q[58]; sx q[58]; sx q[71]; rz(-pi/2) q[71]; ecr q[58],q[71]; rz(pi/2) q[58]; sx q[58]; ecr q[58],q[59]; x q[58]; rz(-pi/2) q[58]; rz(-pi) q[71]; sx q[71]; rz(pi/2) q[71]; ecr q[58],q[71]; rz(-pi/2) q[58]; sx q[58]; sx q[71]; rz(-pi/2) q[71]; ecr q[58],q[71]; rz(pi/2) q[58]; sx q[58]; rz(-pi) q[71]; sx q[71]; rz(pi/2) q[71]; ecr q[58],q[71]; sx q[71]; rz(-pi/2) q[71]; rz(-pi/2) q[77]; sx q[77]; rz(-pi) q[77]; ecr q[77],q[71]; sx q[71]; x q[77]; rz(-pi/2) q[77]; ecr q[77],q[71]; rz(-pi) q[71]; sx q[71]; rz(pi/2) q[71]; rz(pi/2) q[77]; sx q[77]; ecr q[77],q[71]; sx q[71]; rz(-pi/2) q[71]; rz(-pi/2) q[77]; sx q[77]; ecr q[77],q[71]; rz(pi/2) q[71]; sx q[71]; rz(pi/2) q[71]; rz(pi/2) q[77]; sx q[77]; sx q[78]; ecr q[77],q[78]; rz(-pi/2) q[77]; sx q[77]; sx q[78]; rz(-pi/2) q[78]; ecr q[77],q[78]; rz(pi/2) q[77]; sx q[77]; rz(-pi) q[78]; sx q[78]; rz(pi/2) q[78]; ecr q[77],q[78]; sx q[78]; rz(-pi/2) q[78]; rz(-pi/2) q[79]; sx q[79]; ecr q[79],q[78]; rz(-pi) q[78]; sx q[78]; rz(pi/2) q[78]; rz(pi/2) q[79]; sx q[79]; ecr q[79],q[78]; sx q[78]; rz(-pi/2) q[78]; rz(-pi/2) q[79]; sx q[79]; ecr q[79],q[78]; rz(pi/2) q[78]; sx q[78]; rz(pi/2) q[78]; rz(pi/2) q[79]; sx q[79]; rz(-pi) q[80]; sx q[80]; rz(-pi) q[80]; ecr q[79],q[80]; x q[79]; rz(-pi/2) q[82]; sx q[82]; rz(-pi) q[82]; rz(pi/2) q[83]; sx q[83]; rz(-pi) q[92]; sx q[92]; rz(-pi) q[92]; ecr q[83],q[92]; rz(-pi) q[83]; sx q[83]; rz(pi/2) q[83]; ecr q[82],q[83]; rz(pi/2) q[82]; sx q[82]; rz(pi/2) q[82]; rz(-pi/2) q[83]; sx q[83]; sx q[92]; ecr q[83],q[92]; rz(-pi/2) q[83]; sx q[83]; sx q[92]; rz(-pi/2) q[92]; ecr q[83],q[92]; rz(pi/2) q[83]; sx q[83]; rz(-pi) q[92]; sx q[92]; rz(pi/2) q[92]; ecr q[83],q[92]; rz(-pi/2) q[92]; rz(-pi) q[102]; sx q[102]; rz(-pi) q[102]; ecr q[92],q[102]; x q[92]; barrier q[4],q[5],q[1],q[14],q[3],q[15],q[2],q[113],q[57],q[56],q[58],q[69],q[37],q[52],q[38],q[13],q[99],q[19],q[11],q[17],q[106],q[122],q[77],q[84],q[95],q[41],q[123],q[76],q[21],q[96],q[35],q[115],q[47],q[51],q[100],q[126],q[9],q[121],q[125],q[89],q[28],q[49],q[46],q[7],q[27],q[8],q[16],q[111],q[6],q[26],q[116],q[110],q[40],q[112],q[90],q[36],q[61],q[63],q[53],q[81],q[60],q[72],q[62],q[32],q[92],q[83],q[82],q[102],q[22],q[75],q[25],q[104],q[79],q[59],q[71],q[80],q[18],q[30],q[20],q[48],q[64],q[50],q[0],q[10],q[124],q[23],q[118],q[97],q[98],q[70],q[93],q[119],q[39],q[108],q[94],q[91],q[44],q[45],q[43],q[12],q[66],q[34],q[67],q[33],q[68],q[78],q[31],q[120],q[42],q[109],q[65],q[29],q[54],q[55],q[74],q[105],q[86],q[87],q[85],q[88],q[73],q[103],q[24],q[117],q[101],q[114],q[107]; rz(-pi/2) q[53]; rz(-pi/2) q[58]; sx q[58]; rz(-pi/2) q[59]; sx q[59]; sx q[60]; rz(-pi/2) q[60]; ecr q[59],q[60]; rz(pi/2) q[59]; sx q[59]; rz(-pi) q[60]; sx q[60]; rz(pi/2) q[60]; ecr q[59],q[60]; rz(-pi/2) q[59]; sx q[59]; sx q[60]; rz(-pi/2) q[60]; ecr q[59],q[60]; rz(-pi) q[59]; sx q[59]; sx q[60]; rz(pi/2) q[60]; ecr q[53],q[60]; x q[53]; rz(-pi/2) q[62]; sx q[63]; rz(-pi/2) q[63]; sx q[71]; rz(-pi/2) q[71]; ecr q[58],q[71]; rz(pi/2) q[58]; sx q[58]; rz(-pi) q[71]; sx q[71]; rz(pi/2) q[71]; ecr q[58],q[71]; rz(-pi/2) q[58]; sx q[58]; sx q[71]; rz(-pi/2) q[71]; ecr q[58],q[71]; x q[58]; rz(pi/2) q[58]; ecr q[58],q[59]; rz(pi/2) q[58]; sx q[58]; rz(pi/2) q[58]; rz(-pi/2) q[59]; sx q[59]; rz(pi/2) q[59]; rz(pi/2) q[71]; sx q[71]; rz(pi/2) q[71]; sx q[72]; rz(-pi/2) q[72]; rz(-pi/2) q[80]; sx q[80]; rz(-pi) q[80]; rz(-pi/2) q[81]; rz(-pi) q[82]; sx q[82]; rz(-pi) q[82]; ecr q[81],q[82]; rz(-pi/2) q[81]; sx q[81]; rz(-pi) q[81]; ecr q[81],q[72]; rz(-pi) q[72]; sx q[72]; rz(pi/2) q[72]; rz(pi/2) q[81]; sx q[81]; ecr q[81],q[72]; sx q[72]; rz(-pi/2) q[72]; rz(-pi/2) q[81]; sx q[81]; ecr q[81],q[72]; rz(-pi) q[72]; sx q[72]; rz(pi/2) q[72]; ecr q[62],q[72]; rz(-pi/2) q[62]; sx q[62]; sx q[72]; rz(-pi/2) q[72]; ecr q[62],q[72]; rz(pi/2) q[62]; sx q[62]; rz(-pi) q[72]; sx q[72]; rz(pi/2) q[72]; ecr q[62],q[72]; rz(-pi/2) q[62]; sx q[62]; ecr q[62],q[63]; rz(pi/2) q[62]; sx q[62]; rz(-pi) q[63]; sx q[63]; rz(pi/2) q[63]; ecr q[62],q[63]; rz(-pi/2) q[62]; sx q[62]; sx q[63]; rz(-pi/2) q[63]; ecr q[62],q[63]; rz(pi/2) q[62]; sx q[62]; rz(pi/2) q[63]; sx q[63]; rz(pi/2) q[63]; sx q[72]; rz(-pi/2) q[72]; rz(pi/2) q[81]; sx q[81]; rz(-pi/2) q[82]; sx q[82]; sx q[83]; rz(-pi/2) q[83]; ecr q[82],q[83]; rz(pi/2) q[82]; sx q[82]; rz(-pi) q[83]; sx q[83]; rz(pi/2) q[83]; ecr q[82],q[83]; rz(-pi/2) q[82]; sx q[82]; sx q[83]; rz(-pi/2) q[83]; ecr q[82],q[83]; rz(-pi) q[82]; sx q[82]; rz(pi/2) q[82]; ecr q[81],q[82]; rz(-pi/2) q[81]; sx q[81]; sx q[82]; rz(-pi/2) q[82]; ecr q[81],q[82]; rz(pi/2) q[81]; sx q[81]; rz(-pi) q[82]; sx q[82]; rz(pi/2) q[82]; ecr q[81],q[82]; rz(-pi/2) q[81]; sx q[81]; ecr q[81],q[72]; rz(-pi) q[72]; sx q[72]; rz(pi/2) q[72]; rz(pi/2) q[81]; sx q[81]; ecr q[81],q[72]; sx q[72]; rz(-pi/2) q[72]; rz(-pi/2) q[81]; sx q[81]; ecr q[81],q[72]; sx q[72]; rz(pi/2) q[72]; ecr q[62],q[72]; x q[62]; rz(-pi) q[81]; sx q[81]; ecr q[80],q[81]; rz(pi/2) q[80]; sx q[80]; rz(pi/2) q[80]; rz(-pi/2) q[81]; sx q[81]; rz(pi/2) q[81]; rz(-pi/2) q[82]; x q[83]; rz(-pi/2) q[83]; rz(-pi/2) q[92]; sx q[92]; sx q[102]; rz(-pi/2) q[102]; ecr q[92],q[102]; rz(pi/2) q[92]; sx q[92]; rz(-pi) q[102]; sx q[102]; rz(pi/2) q[102]; ecr q[92],q[102]; rz(-pi/2) q[92]; sx q[92]; sx q[102]; rz(-pi/2) q[102]; ecr q[92],q[102]; rz(-pi) q[92]; sx q[92]; ecr q[83],q[92]; rz(pi/2) q[83]; sx q[83]; rz(-pi) q[92]; sx q[92]; rz(pi/2) q[92]; ecr q[83],q[92]; rz(-pi/2) q[83]; sx q[83]; sx q[92]; rz(-pi/2) q[92]; ecr q[83],q[92]; sx q[83]; rz(pi/2) q[83]; ecr q[82],q[83]; x q[82]; rz(pi/2) q[92]; sx q[92]; rz(pi/2) q[92]; rz(pi/2) q[102]; sx q[102]; rz(pi/2) q[102]; barrier q[4],q[5],q[1],q[14],q[3],q[15],q[2],q[113],q[57],q[56],q[71],q[69],q[37],q[52],q[38],q[13],q[99],q[19],q[11],q[17],q[106],q[122],q[77],q[84],q[95],q[41],q[123],q[76],q[21],q[96],q[35],q[115],q[47],q[51],q[100],q[126],q[9],q[121],q[125],q[89],q[28],q[49],q[46],q[7],q[27],q[8],q[16],q[111],q[6],q[26],q[116],q[110],q[40],q[112],q[90],q[36],q[61],q[62],q[53],q[63],q[59],q[82],q[81],q[32],q[102],q[72],q[92],q[83],q[22],q[75],q[25],q[104],q[79],q[60],q[58],q[80],q[18],q[30],q[20],q[48],q[64],q[50],q[0],q[10],q[124],q[23],q[118],q[97],q[98],q[70],q[93],q[119],q[39],q[108],q[94],q[91],q[44],q[45],q[43],q[12],q[66],q[34],q[67],q[33],q[68],q[78],q[31],q[120],q[42],q[109],q[65],q[29],q[54],q[55],q[74],q[105],q[86],q[87],q[85],q[88],q[73],q[103],q[24],q[117],q[101],q[114],q[107]; rz(-pi/2) q[60]; rz(1.0771174812307862) q[61]; sx q[61]; ecr q[60],q[61]; rz(-pi/2) q[60]; sx q[60]; sx q[61]; rz(-pi/2) q[61]; ecr q[60],q[61]; rz(pi/2) q[60]; sx q[60]; rz(-pi) q[61]; sx q[61]; rz(pi/2) q[61]; ecr q[60],q[61]; rz(-pi) q[61]; sx q[61]; rz(-pi) q[61]; rz(-pi/2) q[62]; rz(-pi) q[63]; sx q[63]; rz(-pi) q[63]; ecr q[62],q[63]; x q[62]; rz(-pi/2) q[62]; rz(4*pi/5) q[63]; sx q[63]; rz(-pi) q[63]; ecr q[62],q[63]; x q[62]; rz(-pi/2) q[62]; sx q[72]; ecr q[62],q[72]; rz(-pi/2) q[62]; sx q[62]; sx q[72]; rz(-pi/2) q[72]; ecr q[62],q[72]; rz(pi/2) q[62]; sx q[62]; rz(-pi) q[72]; sx q[72]; rz(pi/2) q[72]; ecr q[62],q[72]; rz(-pi/2) q[62]; ecr q[62],q[61]; rz(10*pi/11) q[61]; sx q[61]; rz(-pi) q[61]; x q[62]; rz(-pi/2) q[62]; ecr q[62],q[61]; x q[62]; sx q[72]; rz(-pi/2) q[72]; rz(-pi/2) q[81]; sx q[81]; sx q[82]; rz(-pi/2) q[82]; ecr q[81],q[82]; rz(pi/2) q[81]; sx q[81]; rz(-pi) q[82]; sx q[82]; rz(pi/2) q[82]; ecr q[81],q[82]; rz(-pi/2) q[81]; sx q[81]; sx q[82]; rz(-pi/2) q[82]; ecr q[81],q[82]; x q[81]; rz(pi/2) q[81]; ecr q[81],q[72]; sx q[72]; rz(-pi/2) q[81]; sx q[81]; rz(pi/7) q[81]; sx q[81]; ecr q[81],q[72]; rz(-pi/2) q[72]; sx q[72]; rz(pi/2) q[72]; rz(pi/2) q[81]; sx q[81]; rz(pi/2) q[81]; rz(pi/2) q[82]; sx q[82]; rz(pi/2) q[82]; rz(pi/11) q[102]; barrier q[4],q[5],q[1],q[14],q[3],q[15],q[2],q[113],q[57],q[56],q[71],q[69],q[37],q[52],q[38],q[13],q[99],q[19],q[11],q[17],q[106],q[122],q[77],q[84],q[95],q[41],q[123],q[76],q[21],q[96],q[35],q[115],q[47],q[51],q[100],q[126],q[9],q[121],q[125],q[89],q[28],q[49],q[46],q[7],q[27],q[8],q[16],q[111],q[6],q[26],q[116],q[110],q[40],q[112],q[90],q[36],q[60],q[72],q[53],q[63],q[59],q[81],q[82],q[32],q[102],q[62],q[92],q[83],q[22],q[75],q[25],q[104],q[79],q[61],q[58],q[80],q[18],q[30],q[20],q[48],q[64],q[50],q[0],q[10],q[124],q[23],q[118],q[97],q[98],q[70],q[93],q[119],q[39],q[108],q[94],q[91],q[44],q[45],q[43],q[12],q[66],q[34],q[67],q[33],q[68],q[78],q[31],q[120],q[42],q[109],q[65],q[29],q[54],q[55],q[74],q[105],q[86],q[87],q[85],q[88],q[73],q[103],q[24],q[117],q[101],q[114],q[107]; sx q[61]; rz(-pi/2) q[61]; rz(-pi/2) q[62]; sx q[62]; rz(-pi/2) q[63]; sx q[63]; rz(-pi) q[64]; sx q[64]; ecr q[63],q[64]; rz(pi/2) q[63]; sx q[63]; rz(-pi) q[64]; sx q[64]; rz(pi/2) q[64]; ecr q[63],q[64]; rz(-pi/2) q[63]; sx q[63]; sx q[64]; rz(-pi/2) q[64]; ecr q[63],q[64]; rz(-pi) q[63]; sx q[63]; ecr q[62],q[63]; rz(pi/2) q[62]; sx q[62]; rz(-pi) q[63]; sx q[63]; rz(pi/2) q[63]; ecr q[62],q[63]; rz(-pi/2) q[62]; sx q[62]; sx q[63]; rz(-pi/2) q[63]; ecr q[62],q[63]; rz(pi/2) q[62]; sx q[62]; rz(-pi) q[63]; sx q[63]; rz(pi/2) q[63]; sx q[64]; rz(pi/2) q[64]; rz(-pi) q[72]; sx q[72]; rz(-pi) q[72]; ecr q[62],q[72]; x q[62]; rz(-pi/2) q[62]; ecr q[62],q[63]; rz(-pi/2) q[62]; sx q[62]; sx q[63]; rz(-pi/2) q[63]; ecr q[62],q[63]; rz(pi/2) q[62]; sx q[62]; rz(-pi) q[63]; sx q[63]; rz(pi/2) q[63]; ecr q[62],q[63]; rz(-pi/2) q[62]; sx q[62]; rz(-pi/2) q[63]; ecr q[63],q[64]; rz(-pi) q[63]; sx q[63]; rz(pi/2) q[63]; ecr q[62],q[63]; rz(pi/2) q[62]; sx q[62]; rz(-pi) q[63]; sx q[63]; rz(pi/2) q[63]; ecr q[62],q[63]; rz(-pi/2) q[62]; sx q[62]; sx q[63]; rz(-pi/2) q[63]; ecr q[62],q[63]; rz(pi/2) q[62]; sx q[62]; rz(-pi) q[63]; sx q[63]; sx q[72]; ecr q[62],q[72]; rz(-pi/2) q[62]; sx q[62]; sx q[72]; rz(-pi/2) q[72]; ecr q[62],q[72]; rz(pi/2) q[62]; sx q[62]; rz(-pi) q[72]; sx q[72]; rz(pi/2) q[72]; ecr q[62],q[72]; rz(-pi/2) q[62]; sx q[62]; ecr q[62],q[63]; rz(pi/2) q[62]; sx q[62]; rz(-pi) q[63]; sx q[63]; rz(pi/2) q[63]; ecr q[62],q[63]; rz(-pi/2) q[62]; sx q[62]; sx q[63]; rz(-pi/2) q[63]; ecr q[62],q[63]; x q[62]; rz(pi/2) q[62]; rz(pi/2) q[63]; sx q[63]; rz(pi/2) q[63]; sx q[72]; rz(-pi/2) q[72]; rz(-pi/2) q[81]; sx q[81]; rz(-pi) q[81]; ecr q[81],q[72]; sx q[72]; ecr q[62],q[72]; x q[62]; rz(-pi/2) q[62]; ecr q[62],q[61]; rz(-pi) q[61]; sx q[61]; rz(pi/2) q[61]; rz(pi/2) q[62]; sx q[62]; ecr q[62],q[61]; sx q[61]; rz(-pi/2) q[61]; rz(-pi/2) q[62]; sx q[62]; ecr q[62],q[61]; rz(pi/2) q[61]; sx q[61]; rz(pi/2) q[61]; x q[62]; rz(pi/2) q[62]; sx q[72]; ecr q[62],q[72]; rz(pi/2) q[62]; sx q[62]; rz(pi/2) q[62]; rz(-pi/2) q[72]; sx q[72]; rz(-2.7708847204661975) q[72]; rz(pi/2) q[81]; sx q[81]; rz(pi/2) q[81]; barrier q[4],q[5],q[1],q[14],q[3],q[15],q[2],q[113],q[57],q[56],q[71],q[69],q[37],q[52],q[38],q[13],q[99],q[19],q[11],q[17],q[106],q[122],q[77],q[84],q[95],q[41],q[123],q[76],q[21],q[96],q[35],q[115],q[47],q[51],q[100],q[126],q[9],q[121],q[125],q[89],q[28],q[49],q[46],q[7],q[27],q[8],q[16],q[111],q[6],q[26],q[116],q[110],q[40],q[112],q[90],q[36],q[60],q[63],q[53],q[64],q[59],q[81],q[82],q[32],q[102],q[61],q[92],q[83],q[22],q[75],q[25],q[104],q[79],q[62],q[58],q[80],q[18],q[30],q[20],q[48],q[72],q[50],q[0],q[10],q[124],q[23],q[118],q[97],q[98],q[70],q[93],q[119],q[39],q[108],q[94],q[91],q[44],q[45],q[43],q[12],q[66],q[34],q[67],q[33],q[68],q[78],q[31],q[120],q[42],q[109],q[65],q[29],q[54],q[55],q[74],q[105],q[86],q[87],q[85],q[88],q[73],q[103],q[24],q[117],q[101],q[114],q[107]; rz(-pi) q[37]; sx q[37]; x q[52]; rz(-pi/2) q[52]; rz(-pi/2) q[56]; sx q[56]; rz(-pi) q[56]; rz(-pi) q[57]; sx q[57]; ecr q[56],q[57]; rz(pi/2) q[56]; sx q[56]; rz(0.009999999999999787) q[56]; sx q[56]; rz(-pi/2) q[57]; sx q[57]; rz(-pi/2) q[58]; sx q[58]; sx q[59]; sx q[60]; sx q[61]; rz(-pi/2) q[62]; sx q[62]; rz(-pi) q[63]; sx q[63]; rz(-pi) q[63]; sx q[71]; rz(-pi/2) q[71]; ecr q[58],q[71]; rz(pi/2) q[58]; sx q[58]; rz(-pi) q[71]; sx q[71]; rz(pi/2) q[71]; ecr q[58],q[71]; rz(-pi/2) q[58]; sx q[58]; sx q[71]; rz(-pi/2) q[71]; ecr q[58],q[71]; sx q[58]; rz(pi/2) q[58]; ecr q[57],q[58]; rz(-pi) q[57]; sx q[57]; rz(pi/2) q[57]; ecr q[56],q[57]; rz(pi/2) q[56]; sx q[56]; rz(-pi) q[57]; sx q[57]; rz(pi/2) q[57]; ecr q[56],q[57]; rz(-pi/2) q[56]; sx q[56]; sx q[57]; rz(-pi/2) q[57]; ecr q[56],q[57]; rz(-pi) q[56]; sx q[56]; ecr q[52],q[56]; rz(pi/2) q[52]; sx q[52]; rz(-pi) q[56]; sx q[56]; rz(pi/2) q[56]; ecr q[52],q[56]; rz(-pi/2) q[52]; sx q[52]; sx q[56]; rz(-pi/2) q[56]; ecr q[52],q[56]; x q[52]; rz(pi/2) q[52]; ecr q[52],q[37]; sx q[37]; x q[52]; rz(pi/2) q[52]; rz(-pi) q[56]; sx q[56]; ecr q[52],q[56]; x q[52]; rz(-pi/2) q[52]; ecr q[52],q[37]; rz(-pi) q[37]; sx q[37]; rz(pi/2) q[37]; rz(pi/2) q[52]; sx q[52]; ecr q[52],q[37]; sx q[37]; rz(-pi/2) q[37]; rz(-pi/2) q[52]; sx q[52]; ecr q[52],q[37]; rz(-pi) q[37]; sx q[37]; rz(pi/2) q[52]; sx q[52]; x q[56]; rz(pi/2) q[56]; rz(-pi) q[57]; sx q[57]; ecr q[56],q[57]; rz(pi/2) q[56]; sx q[56]; rz(-pi) q[57]; sx q[57]; rz(pi/2) q[57]; ecr q[56],q[57]; rz(-pi/2) q[56]; sx q[56]; sx q[57]; rz(-pi/2) q[57]; ecr q[56],q[57]; sx q[56]; rz(pi/2) q[56]; ecr q[52],q[56]; x q[52]; rz(-pi/2) q[52]; rz(-pi/2) q[56]; sx q[56]; rz(-pi) q[56]; rz(-pi) q[57]; sx q[57]; ecr q[56],q[57]; rz(-pi) q[56]; sx q[56]; rz(pi/2) q[56]; ecr q[52],q[56]; rz(-pi/2) q[52]; sx q[52]; sx q[56]; rz(-pi/2) q[56]; ecr q[52],q[56]; rz(pi/2) q[52]; sx q[52]; rz(-pi) q[56]; sx q[56]; rz(pi/2) q[56]; ecr q[52],q[56]; rz(-pi/2) q[52]; sx q[52]; ecr q[52],q[37]; rz(-pi) q[37]; sx q[37]; rz(pi/2) q[37]; rz(pi/2) q[52]; sx q[52]; ecr q[52],q[37]; sx q[37]; rz(-pi/2) q[37]; rz(-pi/2) q[52]; sx q[52]; ecr q[52],q[37]; rz(-pi) q[37]; sx q[37]; x q[52]; rz(pi/2) q[52]; rz(-pi/2) q[56]; sx q[57]; rz(pi/2) q[57]; ecr q[56],q[57]; rz(-pi/2) q[56]; sx q[56]; sx q[57]; rz(-pi/2) q[57]; ecr q[56],q[57]; rz(pi/2) q[56]; sx q[56]; rz(-pi) q[57]; sx q[57]; rz(pi/2) q[57]; ecr q[56],q[57]; rz(-pi/2) q[56]; rz(-pi/2) q[57]; rz(-3.1215926535897935) q[58]; sx q[58]; rz(-pi) q[58]; ecr q[57],q[58]; rz(pi/2) q[57]; sx q[57]; rz(-pi) q[57]; sx q[58]; ecr q[57],q[58]; rz(-pi/2) q[57]; sx q[57]; sx q[58]; rz(-pi/2) q[58]; ecr q[57],q[58]; rz(pi/2) q[57]; sx q[57]; rz(-pi) q[58]; sx q[58]; rz(pi/2) q[58]; ecr q[57],q[58]; rz(-pi) q[57]; sx q[57]; rz(-pi) q[57]; ecr q[56],q[57]; rz(15*pi/16) q[56]; sx q[56]; rz(pi/2) q[56]; ecr q[52],q[56]; x q[52]; rz(-pi/2) q[52]; ecr q[52],q[37]; rz(-pi) q[37]; sx q[37]; rz(pi/2) q[37]; rz(pi/2) q[52]; sx q[52]; ecr q[52],q[37]; sx q[37]; rz(-pi/2) q[37]; rz(-pi/2) q[52]; sx q[52]; ecr q[52],q[37]; rz(pi/2) q[37]; sx q[37]; rz(pi/2) q[37]; x q[52]; rz(pi/2) q[52]; sx q[56]; ecr q[52],q[56]; rz(pi/2) q[52]; sx q[52]; rz(pi/2) q[52]; rz(-pi/2) q[56]; sx q[56]; rz(-pi) q[57]; sx q[57]; rz(-pi) q[57]; ecr q[56],q[57]; rz(pi/2) q[56]; sx q[56]; rz(-pi) q[56]; sx q[57]; ecr q[56],q[57]; rz(-pi/2) q[56]; sx q[56]; sx q[57]; rz(-pi/2) q[57]; ecr q[56],q[57]; rz(pi/2) q[56]; sx q[56]; rz(-pi) q[57]; sx q[57]; rz(pi/2) q[57]; ecr q[56],q[57]; rz(-pi/2) q[57]; rz(-pi/2) q[58]; ecr q[58],q[59]; rz(-pi/2) q[58]; sx q[58]; sx q[59]; rz(-pi/2) q[59]; ecr q[58],q[59]; rz(pi/2) q[58]; sx q[58]; rz(-pi) q[59]; sx q[59]; rz(pi/2) q[59]; ecr q[58],q[59]; sx q[58]; ecr q[57],q[58]; rz(-pi/2) q[57]; sx q[57]; sx q[58]; rz(-pi/2) q[58]; ecr q[57],q[58]; rz(pi/2) q[57]; sx q[57]; rz(-pi) q[58]; sx q[58]; rz(pi/2) q[58]; ecr q[57],q[58]; rz(-pi/2) q[58]; rz(-pi/2) q[59]; ecr q[59],q[60]; rz(-pi/2) q[59]; sx q[59]; sx q[60]; rz(-pi/2) q[60]; ecr q[59],q[60]; rz(pi/2) q[59]; sx q[59]; rz(-pi) q[60]; sx q[60]; rz(pi/2) q[60]; ecr q[59],q[60]; sx q[59]; ecr q[58],q[59]; rz(-pi/2) q[58]; sx q[58]; sx q[59]; rz(-pi/2) q[59]; ecr q[58],q[59]; rz(pi/2) q[58]; sx q[58]; rz(-pi) q[59]; sx q[59]; rz(pi/2) q[59]; ecr q[58],q[59]; rz(-pi/2) q[59]; rz(-pi/2) q[60]; ecr q[60],q[61]; rz(-pi/2) q[60]; sx q[60]; sx q[61]; rz(-pi/2) q[61]; ecr q[60],q[61]; rz(pi/2) q[60]; sx q[60]; rz(-pi) q[61]; sx q[61]; rz(pi/2) q[61]; ecr q[60],q[61]; rz(-pi) q[60]; sx q[60]; rz(-pi) q[60]; ecr q[59],q[60]; x q[59]; sx q[61]; rz(-pi/2) q[61]; ecr q[62],q[61]; rz(-pi) q[61]; sx q[61]; rz(pi/2) q[61]; rz(pi/2) q[62]; sx q[62]; ecr q[62],q[61]; sx q[61]; rz(-pi/2) q[61]; rz(-pi/2) q[62]; sx q[62]; ecr q[62],q[61]; rz(pi/2) q[61]; sx q[61]; rz(pi/2) q[61]; rz(pi/2) q[62]; sx q[62]; ecr q[62],q[63]; x q[62]; rz(pi/2) q[71]; sx q[71]; rz(pi/2) q[71]; measure q[62] -> c[0]; reset q[62]; measure q[59] -> c[1]; reset q[59]; barrier q[4],q[5],q[1],q[14],q[3],q[15],q[2],q[113],q[37],q[52],q[56],q[69],q[62],q[59],q[38],q[13],q[99],q[19],q[11],q[17],q[106],q[122],q[77],q[84],q[95],q[41],q[123],q[76],q[21],q[96],q[35],q[115],q[47],q[51],q[100],q[126],q[9],q[121],q[125],q[89],q[28],q[49],q[46],q[7],q[27],q[8],q[16],q[111],q[6],q[26],q[116],q[110],q[40],q[112],q[90],q[36],q[58],q[63],q[53],q[64],q[57],q[81],q[82],q[32],q[102],q[60],q[92],q[83],q[22],q[75],q[25],q[104],q[79],q[61],q[71],q[80],q[18],q[30],q[20],q[48],q[72],q[50],q[0],q[10],q[124],q[23],q[118],q[97],q[98],q[70],q[93],q[119],q[39],q[108],q[94],q[91],q[44],q[45],q[43],q[12],q[66],q[34],q[67],q[33],q[68],q[78],q[31],q[120],q[42],q[109],q[65],q[29],q[54],q[55],q[74],q[105],q[86],q[87],q[85],q[88],q[73],q[103],q[24],q[117],q[101],q[114],q[107]; sx q[41]; rz(-pi/2) q[42]; sx q[42]; rz(-pi/2) q[43]; sx q[43]; rz(-pi) q[43]; rz(pi/2) q[44]; sx q[44]; rz(-pi) q[45]; sx q[45]; rz(-pi) q[45]; ecr q[44],q[45]; rz(-pi) q[44]; sx q[44]; rz(pi/2) q[44]; ecr q[43],q[44]; rz(-pi) q[43]; sx q[43]; ecr q[42],q[43]; rz(pi/2) q[42]; sx q[42]; rz(-pi) q[43]; sx q[43]; rz(pi/2) q[43]; ecr q[42],q[43]; rz(-pi/2) q[42]; sx q[42]; sx q[43]; rz(-pi/2) q[43]; ecr q[42],q[43]; rz(pi/2) q[42]; sx q[42]; ecr q[42],q[41]; sx q[41]; rz(-pi/2) q[41]; rz(-pi/2) q[42]; sx q[42]; ecr q[42],q[41]; rz(-pi) q[41]; sx q[41]; rz(pi/2) q[41]; rz(pi/2) q[42]; sx q[42]; ecr q[42],q[41]; rz(-pi/2) q[41]; rz(pi/2) q[43]; sx q[43]; rz(pi/2) q[43]; rz(-pi/2) q[44]; sx q[44]; sx q[45]; rz(-pi/2) q[45]; sx q[49]; rz(-pi/2) q[49]; sx q[53]; ecr q[41],q[53]; rz(-pi/2) q[41]; sx q[41]; sx q[53]; rz(-pi/2) q[53]; ecr q[41],q[53]; rz(pi/2) q[41]; sx q[41]; rz(-pi) q[53]; sx q[53]; rz(pi/2) q[53]; ecr q[41],q[53]; rz(-pi/2) q[53]; rz(-pi/2) q[54]; sx q[54]; rz(-pi/2) q[55]; sx q[55]; ecr q[55],q[49]; rz(-pi) q[49]; sx q[49]; rz(pi/2) q[49]; rz(pi/2) q[55]; sx q[55]; ecr q[55],q[49]; sx q[49]; rz(-pi/2) q[49]; rz(-pi/2) q[55]; sx q[55]; ecr q[55],q[49]; rz(pi/2) q[49]; sx q[49]; rz(pi/2) q[49]; x q[55]; rz(pi/2) q[55]; rz(-pi) q[60]; sx q[60]; rz(-pi) q[60]; ecr q[53],q[60]; x q[53]; rz(-pi/2) q[60]; sx q[61]; ecr q[60],q[61]; rz(-pi/2) q[60]; sx q[60]; sx q[61]; rz(-pi/2) q[61]; ecr q[60],q[61]; rz(pi/2) q[60]; sx q[60]; rz(-pi) q[61]; sx q[61]; rz(pi/2) q[61]; ecr q[60],q[61]; sx q[61]; rz(-pi/2) q[61]; rz(-pi/2) q[62]; sx q[62]; ecr q[62],q[61]; rz(-pi) q[61]; sx q[61]; rz(pi/2) q[61]; rz(pi/2) q[62]; sx q[62]; ecr q[62],q[61]; sx q[61]; rz(-pi/2) q[61]; rz(-pi/2) q[62]; sx q[62]; ecr q[62],q[61]; rz(pi/2) q[61]; sx q[61]; rz(pi/2) q[61]; rz(pi/2) q[62]; sx q[62]; rz(-pi/2) q[63]; sx q[64]; rz(-pi/2) q[64]; ecr q[54],q[64]; rz(pi/2) q[54]; sx q[54]; rz(-pi) q[64]; sx q[64]; rz(pi/2) q[64]; ecr q[54],q[64]; rz(-pi/2) q[54]; sx q[54]; sx q[64]; rz(-pi/2) q[64]; ecr q[54],q[64]; x q[54]; rz(pi/2) q[54]; ecr q[54],q[45]; sx q[45]; rz(pi/2) q[45]; ecr q[44],q[45]; rz(-pi/2) q[44]; sx q[44]; sx q[45]; rz(-pi/2) q[45]; ecr q[44],q[45]; rz(pi/2) q[44]; sx q[44]; rz(-pi) q[45]; sx q[45]; rz(pi/2) q[45]; ecr q[44],q[45]; sx q[45]; rz(-pi/2) q[45]; x q[54]; rz(-pi/2) q[54]; rz(-pi) q[64]; sx q[64]; rz(pi/2) q[64]; ecr q[63],q[64]; rz(-pi/2) q[63]; sx q[63]; sx q[64]; rz(-pi/2) q[64]; ecr q[63],q[64]; rz(pi/2) q[63]; sx q[63]; rz(-pi) q[64]; sx q[64]; rz(pi/2) q[64]; ecr q[63],q[64]; sx q[63]; ecr q[62],q[63]; rz(-pi/2) q[62]; sx q[62]; sx q[63]; rz(-pi/2) q[63]; ecr q[62],q[63]; rz(pi/2) q[62]; sx q[62]; rz(-pi) q[63]; sx q[63]; rz(pi/2) q[63]; ecr q[62],q[63]; rz(-pi/2) q[63]; sx q[64]; rz(-pi/2) q[64]; ecr q[54],q[64]; rz(pi/2) q[54]; sx q[54]; rz(-pi) q[64]; sx q[64]; rz(pi/2) q[64]; ecr q[54],q[64]; rz(-pi/2) q[54]; sx q[54]; sx q[64]; rz(-pi/2) q[64]; ecr q[54],q[64]; x q[54]; rz(pi/2) q[54]; ecr q[54],q[45]; rz(-pi/2) q[45]; sx q[45]; rz(pi/2) q[45]; rz(pi/2) q[54]; sx q[54]; rz(-pi) q[64]; sx q[64]; rz(pi/2) q[64]; ecr q[54],q[64]; rz(-pi/2) q[54]; sx q[54]; sx q[64]; rz(-pi/2) q[64]; ecr q[54],q[64]; rz(pi/2) q[54]; sx q[54]; rz(-pi) q[64]; sx q[64]; rz(pi/2) q[64]; ecr q[54],q[64]; rz(-pi/2) q[54]; sx q[64]; rz(-pi/2) q[64]; rz(-pi/2) q[65]; sx q[65]; ecr q[65],q[64]; rz(-pi) q[64]; sx q[64]; rz(pi/2) q[64]; rz(pi/2) q[65]; sx q[65]; ecr q[65],q[64]; sx q[64]; rz(-pi/2) q[64]; rz(-pi/2) q[65]; sx q[65]; ecr q[65],q[64]; rz(-pi) q[64]; sx q[64]; rz(pi/2) q[64]; ecr q[54],q[64]; rz(-pi/2) q[54]; sx q[54]; sx q[64]; rz(-pi/2) q[64]; ecr q[54],q[64]; rz(pi/2) q[54]; sx q[54]; rz(-pi) q[64]; sx q[64]; rz(pi/2) q[64]; ecr q[54],q[64]; sx q[64]; rz(-pi/2) q[64]; rz(pi/2) q[65]; sx q[65]; sx q[66]; rz(pi/2) q[66]; ecr q[65],q[66]; x q[65]; rz(-pi/2) q[65]; sx q[66]; ecr q[65],q[66]; rz(-pi/2) q[65]; sx q[65]; sx q[66]; rz(-pi/2) q[66]; ecr q[65],q[66]; rz(pi/2) q[65]; sx q[65]; rz(-pi) q[66]; sx q[66]; rz(pi/2) q[66]; ecr q[65],q[66]; rz(-pi/2) q[65]; sx q[65]; rz(-pi) q[65]; ecr q[65],q[64]; sx q[64]; rz(pi/2) q[64]; ecr q[63],q[64]; rz(-pi/2) q[63]; sx q[63]; sx q[64]; rz(-pi/2) q[64]; ecr q[63],q[64]; rz(pi/2) q[63]; sx q[63]; rz(-pi) q[64]; sx q[64]; rz(pi/2) q[64]; ecr q[63],q[64]; sx q[64]; rz(-pi/2) q[64]; x q[65]; rz(pi/2) q[65]; ecr q[65],q[64]; sx q[64]; rz(-pi/2) q[65]; rz(-pi) q[66]; sx q[66]; rz(-pi) q[66]; rz(pi/2) q[67]; sx q[67]; ecr q[67],q[66]; sx q[66]; ecr q[65],q[66]; rz(-pi/2) q[65]; sx q[65]; sx q[66]; rz(-pi/2) q[66]; ecr q[65],q[66]; rz(pi/2) q[65]; sx q[65]; rz(-pi) q[66]; sx q[66]; rz(pi/2) q[66]; ecr q[65],q[66]; rz(-pi/2) q[65]; sx q[65]; ecr q[65],q[64]; rz(-pi) q[64]; sx q[64]; rz(pi/2) q[64]; rz(pi/2) q[65]; sx q[65]; ecr q[65],q[64]; sx q[64]; rz(-pi/2) q[64]; rz(-pi/2) q[65]; sx q[65]; ecr q[65],q[64]; rz(-pi) q[64]; sx q[64]; x q[65]; rz(pi/2) q[65]; sx q[66]; x q[67]; rz(-pi/2) q[67]; ecr q[67],q[66]; sx q[66]; rz(-pi/2) q[66]; rz(-pi/2) q[67]; sx q[67]; ecr q[67],q[66]; rz(-pi) q[66]; sx q[66]; rz(pi/2) q[66]; rz(pi/2) q[67]; sx q[67]; ecr q[67],q[66]; sx q[66]; rz(-pi/2) q[66]; ecr q[65],q[66]; x q[65]; rz(-pi/2) q[65]; ecr q[65],q[64]; rz(-pi) q[64]; sx q[64]; rz(pi/2) q[64]; rz(pi/2) q[65]; sx q[65]; ecr q[65],q[64]; sx q[64]; rz(-pi/2) q[64]; rz(-pi/2) q[65]; sx q[65]; ecr q[65],q[64]; rz(-pi) q[64]; sx q[64]; x q[65]; rz(pi/2) q[65]; rz(pi/2) q[66]; sx q[66]; rz(-1.8943803701146456) q[66]; sx q[66]; rz(pi/2) q[66]; ecr q[65],q[66]; x q[65]; rz(-pi/2) q[65]; ecr q[65],q[64]; rz(-pi) q[64]; sx q[64]; rz(pi/2) q[64]; rz(pi/2) q[65]; sx q[65]; ecr q[65],q[64]; sx q[64]; rz(-pi/2) q[64]; rz(-pi/2) q[65]; sx q[65]; ecr q[65],q[64]; rz(pi/2) q[64]; sx q[64]; rz(pi/2) q[64]; x q[65]; rz(pi/2) q[65]; sx q[66]; ecr q[65],q[66]; rz(pi/2) q[65]; sx q[65]; rz(pi/2) q[65]; sx q[66]; rz(-pi) q[66]; rz(-pi/2) q[67]; rz(-pi) q[68]; sx q[68]; rz(pi/2) q[68]; ecr q[67],q[68]; rz(-pi/2) q[67]; sx q[67]; sx q[68]; rz(-pi/2) q[68]; ecr q[67],q[68]; rz(pi/2) q[67]; sx q[67]; rz(-pi) q[68]; sx q[68]; rz(pi/2) q[68]; ecr q[67],q[68]; rz(-pi/2) q[67]; sx q[68]; rz(-pi/2) q[68]; ecr q[55],q[68]; rz(-pi/2) q[55]; sx q[55]; rz(-pi/12) q[55]; sx q[55]; sx q[68]; ecr q[55],q[68]; rz(pi/2) q[55]; sx q[55]; rz(pi/2) q[55]; rz(-pi) q[68]; sx q[68]; rz(pi/2) q[68]; ecr q[67],q[68]; x q[67]; rz(-pi/2) q[67]; ecr q[67],q[66]; rz(pi/2) q[67]; sx q[67]; rz(-pi/2) q[67]; measure q[67] -> c[8]; barrier q[4],q[5],q[1],q[14],q[3],q[15],q[2],q[113],q[37],q[52],q[56],q[69],q[61],q[59],q[38],q[13],q[99],q[19],q[11],q[17],q[106],q[122],q[77],q[84],q[95],q[42],q[123],q[76],q[21],q[96],q[35],q[115],q[47],q[51],q[100],q[126],q[9],q[121],q[125],q[89],q[28],q[55],q[46],q[7],q[27],q[8],q[16],q[111],q[6],q[26],q[116],q[110],q[40],q[112],q[90],q[36],q[58],q[64],q[41],q[63],q[57],q[81],q[82],q[32],q[102],q[65],q[92],q[83],q[22],q[75],q[25],q[104],q[79],q[60],q[71],q[80],q[18],q[30],q[20],q[48],q[72],q[50],q[0],q[10],q[124],q[23],q[118],q[97],q[98],q[70],q[93],q[119],q[39],q[108],q[94],q[91],q[45],q[44],q[53],q[12],q[68],q[34],q[66],q[33],q[67],q[78],q[31],q[120],q[43],q[109],q[54],q[29],q[62],q[49],q[74],q[105],q[86],q[87],q[85],q[88],q[73],q[103],q[24],q[117],q[101],q[114],q[107]; sx q[45]; rz(-pi/2) q[46]; ecr q[46],q[45]; sx q[45]; rz(-pi/2) q[45]; rz(-pi/2) q[46]; sx q[46]; ecr q[46],q[45]; rz(-pi) q[45]; sx q[45]; rz(pi/2) q[45]; rz(pi/2) q[46]; sx q[46]; ecr q[46],q[45]; rz(-pi) q[45]; sx q[45]; rz(-pi) q[45]; x q[54]; rz(pi/2) q[54]; rz(pi/10) q[60]; sx q[61]; ecr q[60],q[61]; rz(-pi/2) q[60]; sx q[60]; sx q[61]; rz(-pi/2) q[61]; ecr q[60],q[61]; rz(pi/2) q[60]; sx q[60]; rz(-pi) q[61]; sx q[61]; rz(pi/2) q[61]; ecr q[60],q[61]; sx q[61]; rz(-pi/2) q[61]; x q[62]; rz(-pi/2) q[62]; ecr q[62],q[61]; rz(-pi) q[61]; sx q[61]; rz(pi/2) q[61]; rz(pi/2) q[62]; sx q[62]; ecr q[62],q[61]; sx q[61]; rz(-pi/2) q[61]; rz(-pi/2) q[62]; sx q[62]; ecr q[62],q[61]; rz(-pi) q[61]; sx q[61]; rz(pi/2) q[62]; sx q[62]; rz(3*pi/10) q[64]; sx q[64]; rz(-pi/2) q[64]; ecr q[54],q[64]; rz(pi/2) q[54]; sx q[54]; sx q[64]; rz(pi/2) q[64]; ecr q[54],q[64]; rz(-pi/2) q[54]; sx q[54]; sx q[64]; rz(-pi/2) q[64]; ecr q[54],q[64]; rz(pi/2) q[54]; sx q[54]; rz(-pi) q[64]; sx q[64]; rz(pi/2) q[64]; ecr q[54],q[64]; rz(-pi/2) q[54]; rz(-pi) q[64]; sx q[64]; rz(-pi) q[64]; ecr q[63],q[64]; rz(-pi) q[63]; sx q[63]; rz(-pi) q[63]; ecr q[62],q[63]; rz(-pi/2) q[62]; sx q[62]; sx q[63]; rz(-pi/2) q[63]; ecr q[62],q[63]; rz(pi/2) q[62]; sx q[62]; rz(-pi) q[63]; sx q[63]; rz(pi/2) q[63]; ecr q[62],q[63]; rz(-pi/2) q[62]; rz(-pi/2) q[63]; rz(-pi) q[64]; sx q[64]; rz(-pi) q[64]; rz(-3*pi/10) q[65]; ecr q[65],q[64]; rz(-pi) q[64]; sx q[64]; rz(-pi) q[64]; ecr q[63],q[64]; rz(-pi) q[63]; sx q[63]; rz(-pi) q[63]; ecr q[62],q[63]; rz(-pi/2) q[62]; sx q[62]; sx q[63]; rz(-pi/2) q[63]; ecr q[62],q[63]; rz(pi/2) q[62]; sx q[62]; rz(-pi) q[63]; sx q[63]; rz(pi/2) q[63]; ecr q[62],q[63]; rz(-pi/2) q[62]; rz(-pi/2) q[63]; rz(-2.818008610270045) q[64]; sx q[64]; rz(-pi) q[64]; ecr q[54],q[64]; x q[54]; rz(-pi/2) q[54]; rz(-pi) q[64]; sx q[64]; rz(-pi) q[64]; ecr q[63],q[64]; rz(-pi) q[63]; sx q[63]; rz(-pi) q[63]; ecr q[62],q[63]; rz(-pi/2) q[62]; sx q[62]; sx q[63]; rz(-pi/2) q[63]; ecr q[62],q[63]; rz(pi/2) q[62]; sx q[62]; rz(-pi) q[63]; sx q[63]; rz(pi/2) q[63]; ecr q[62],q[63]; rz(-pi/2) q[62]; sx q[62]; ecr q[62],q[61]; rz(-pi) q[61]; sx q[61]; rz(pi/2) q[61]; rz(pi/2) q[62]; sx q[62]; ecr q[62],q[61]; sx q[61]; rz(-pi/2) q[61]; rz(-pi/2) q[62]; sx q[62]; ecr q[62],q[61]; rz(-pi) q[61]; sx q[61]; rz(pi/2) q[62]; sx q[62]; rz(-pi/2) q[63]; rz(-pi) q[64]; sx q[64]; rz(-pi) q[64]; x q[65]; rz(-pi/2) q[65]; ecr q[65],q[64]; rz(-pi) q[64]; sx q[64]; rz(-pi) q[64]; ecr q[63],q[64]; rz(-pi) q[63]; sx q[63]; rz(-pi) q[63]; ecr q[62],q[63]; rz(-pi/2) q[62]; sx q[62]; sx q[63]; rz(-pi/2) q[63]; ecr q[62],q[63]; rz(pi/2) q[62]; sx q[62]; rz(-pi) q[63]; sx q[63]; rz(pi/2) q[63]; ecr q[62],q[63]; rz(-pi/2) q[62]; sx q[62]; ecr q[62],q[61]; rz(-pi) q[61]; sx q[61]; rz(pi/2) q[61]; rz(pi/2) q[62]; sx q[62]; ecr q[62],q[61]; sx q[61]; rz(-pi/2) q[61]; rz(-pi/2) q[62]; sx q[62]; ecr q[62],q[61]; rz(-pi) q[61]; sx q[61]; x q[62]; rz(pi/2) q[62]; rz(-pi/2) q[63]; sx q[64]; ecr q[54],q[64]; rz(-pi/2) q[54]; sx q[54]; sx q[64]; rz(-pi/2) q[64]; ecr q[54],q[64]; rz(pi/2) q[54]; sx q[54]; rz(-pi) q[64]; sx q[64]; rz(pi/2) q[64]; ecr q[54],q[64]; rz(-pi/2) q[54]; ecr q[54],q[45]; rz(-2.947442227597944) q[45]; sx q[45]; rz(-pi) q[45]; x q[54]; rz(-pi/2) q[54]; ecr q[54],q[45]; rz(pi/2) q[54]; sx q[54]; rz(-pi/2) q[54]; rz(-pi) q[64]; sx q[64]; rz(-pi) q[64]; ecr q[63],q[64]; rz(-pi) q[63]; sx q[63]; rz(pi/2) q[63]; ecr q[62],q[63]; x q[62]; rz(-pi/2) q[62]; ecr q[62],q[61]; rz(-pi) q[61]; sx q[61]; rz(pi/2) q[61]; rz(pi/2) q[62]; sx q[62]; ecr q[62],q[61]; sx q[61]; rz(-pi/2) q[61]; rz(-pi/2) q[62]; sx q[62]; ecr q[62],q[61]; rz(-pi) q[61]; sx q[61]; x q[62]; rz(pi/2) q[62]; rz(-pi/2) q[63]; sx q[63]; sx q[64]; x q[65]; rz(-pi/2) q[65]; ecr q[65],q[64]; sx q[64]; rz(-pi/2) q[64]; rz(-pi/2) q[65]; sx q[65]; ecr q[65],q[64]; rz(-pi) q[64]; sx q[64]; rz(pi/2) q[64]; rz(pi/2) q[65]; sx q[65]; ecr q[65],q[64]; rz(-pi) q[64]; sx q[64]; rz(-pi) q[64]; ecr q[63],q[64]; rz(-pi) q[63]; sx q[63]; rz(pi/2) q[63]; ecr q[62],q[63]; x q[62]; rz(-pi/2) q[62]; ecr q[62],q[61]; rz(-pi) q[61]; sx q[61]; rz(pi/2) q[61]; rz(pi/2) q[62]; sx q[62]; ecr q[62],q[61]; sx q[61]; rz(-pi/2) q[61]; rz(-pi/2) q[62]; sx q[62]; ecr q[62],q[61]; rz(-pi) q[61]; sx q[61]; x q[62]; rz(pi/2) q[62]; rz(-pi/2) q[63]; sx q[63]; rz(0.24268803248981197) q[63]; sx q[64]; rz(-pi/2) q[65]; ecr q[65],q[64]; sx q[64]; rz(-pi/2) q[64]; rz(-pi/2) q[65]; sx q[65]; ecr q[65],q[64]; rz(-pi) q[64]; sx q[64]; rz(pi/2) q[64]; rz(pi/2) q[65]; sx q[65]; ecr q[65],q[64]; rz(-pi) q[64]; sx q[64]; rz(-pi) q[64]; ecr q[63],q[64]; rz(-pi) q[63]; sx q[63]; rz(pi/2) q[63]; ecr q[62],q[63]; x q[62]; rz(-pi/2) q[62]; ecr q[62],q[61]; rz(-pi) q[61]; sx q[61]; rz(pi/2) q[61]; rz(pi/2) q[62]; sx q[62]; ecr q[62],q[61]; sx q[61]; rz(-pi/2) q[61]; rz(-pi/2) q[62]; sx q[62]; ecr q[62],q[61]; rz(pi/2) q[61]; sx q[61]; rz(pi/2) q[61]; x q[62]; rz(pi/2) q[62]; rz(-pi/2) q[63]; sx q[63]; sx q[64]; rz(-pi/2) q[65]; ecr q[65],q[64]; sx q[64]; rz(-pi/2) q[64]; rz(-pi/2) q[65]; sx q[65]; ecr q[65],q[64]; rz(-pi) q[64]; sx q[64]; rz(pi/2) q[64]; rz(pi/2) q[65]; sx q[65]; ecr q[65],q[64]; rz(-pi) q[64]; sx q[64]; rz(-pi) q[64]; ecr q[63],q[64]; rz(-pi) q[63]; sx q[63]; rz(pi/2) q[63]; ecr q[62],q[63]; rz(pi/2) q[62]; sx q[62]; rz(pi/2) q[62]; rz(-pi/2) q[63]; sx q[63]; rz(pi/2) q[63]; measure q[54] -> c[16]; measure q[63] -> c[17]; barrier q[4],q[5],q[1],q[14],q[3],q[15],q[2],q[113],q[37],q[52],q[56],q[69],q[60],q[59],q[38],q[13],q[99],q[19],q[11],q[17],q[106],q[122],q[77],q[84],q[95],q[42],q[123],q[76],q[21],q[96],q[35],q[115],q[47],q[51],q[100],q[126],q[9],q[121],q[125],q[89],q[28],q[55],q[45],q[7],q[27],q[8],q[16],q[111],q[6],q[26],q[116],q[110],q[40],q[112],q[90],q[36],q[58],q[65],q[41],q[61],q[57],q[81],q[82],q[32],q[102],q[64],q[92],q[83],q[22],q[75],q[25],q[104],q[79],q[62],q[71],q[80],q[18],q[30],q[20],q[48],q[72],q[50],q[0],q[10],q[124],q[23],q[118],q[97],q[98],q[70],q[93],q[119],q[39],q[108],q[94],q[91],q[46],q[44],q[53],q[12],q[68],q[34],q[66],q[33],q[67],q[78],q[31],q[120],q[43],q[109],q[54],q[29],q[63],q[49],q[74],q[105],q[86],q[87],q[85],q[88],q[73],q[103],q[24],q[117],q[101],q[114],q[107]; rz(pi/2) q[61]; sx q[61]; rz(-2.8415926535897933) q[61]; sx q[61]; rz(pi/2) q[61]; rz(pi/2) q[64]; sx q[64]; rz(-2.441592653589794) q[64]; sx q[64]; rz(pi/2) q[64]; rz(pi/2) q[65]; sx q[65]; rz(-2.641592653589793) q[65]; sx q[65]; rz(pi/2) q[65]; rz(-pi) q[73]; sx q[73]; sx q[83]; sx q[84]; rz(-pi/2) q[85]; sx q[85]; rz(-pi) q[85]; rz(pi/2) q[86]; sx q[86]; rz(-pi) q[87]; sx q[87]; rz(-pi) q[87]; ecr q[86],q[87]; rz(-pi) q[86]; sx q[86]; rz(pi/2) q[86]; ecr q[85],q[86]; rz(pi/2) q[85]; sx q[85]; rz(0.2999999999999994) q[85]; sx q[85]; ecr q[85],q[73]; rz(-pi) q[73]; sx q[73]; rz(pi/2) q[73]; rz(pi/2) q[85]; sx q[85]; ecr q[85],q[73]; sx q[73]; rz(-pi/2) q[73]; rz(-pi/2) q[85]; sx q[85]; ecr q[85],q[73]; sx q[73]; rz(pi/2) q[73]; rz(pi/2) q[85]; sx q[85]; rz(-pi/2) q[86]; sx q[86]; rz(0.5) q[87]; sx q[87]; ecr q[86],q[87]; rz(-pi/2) q[86]; sx q[86]; sx q[87]; rz(-pi/2) q[87]; ecr q[86],q[87]; rz(pi/2) q[86]; sx q[86]; rz(-pi) q[87]; sx q[87]; rz(pi/2) q[87]; ecr q[86],q[87]; rz(-pi) q[86]; sx q[86]; rz(-pi) q[86]; ecr q[85],q[86]; x q[85]; rz(-pi/2) q[85]; ecr q[85],q[73]; rz(-pi) q[73]; sx q[73]; rz(-pi) q[73]; x q[85]; rz(-pi/2) q[85]; rz(-pi/2) q[86]; sx q[86]; rz(-pi/2) q[87]; rz(-pi) q[88]; sx q[88]; rz(-pi) q[88]; ecr q[87],q[88]; rz(-pi/2) q[87]; sx q[87]; rz(-pi) q[87]; rz(0.7000000000000002) q[88]; sx q[88]; rz(-pi/2) q[88]; ecr q[87],q[88]; rz(pi/2) q[87]; sx q[87]; rz(-pi) q[88]; sx q[88]; rz(pi/2) q[88]; ecr q[87],q[88]; rz(-pi/2) q[87]; sx q[87]; sx q[88]; rz(-pi/2) q[88]; ecr q[87],q[88]; rz(-pi) q[87]; sx q[87]; ecr q[86],q[87]; rz(pi/2) q[86]; sx q[86]; rz(-pi) q[87]; sx q[87]; rz(pi/2) q[87]; ecr q[86],q[87]; rz(-pi/2) q[86]; sx q[86]; sx q[87]; rz(-pi/2) q[87]; ecr q[86],q[87]; sx q[86]; rz(pi/2) q[86]; ecr q[85],q[86]; x q[85]; rz(-1.0854202618152735) q[85]; rz(-pi/2) q[86]; sx q[86]; rz(-pi) q[87]; sx q[87]; ecr q[86],q[87]; rz(pi/2) q[86]; sx q[86]; rz(-pi) q[87]; sx q[87]; rz(pi/2) q[87]; ecr q[86],q[87]; rz(-pi/2) q[86]; sx q[86]; sx q[87]; rz(-pi/2) q[87]; ecr q[86],q[87]; sx q[86]; rz(pi/2) q[86]; ecr q[85],q[86]; x q[85]; rz(-pi/2) q[85]; ecr q[85],q[73]; x q[85]; rz(-pi/2) q[85]; rz(-pi/2) q[86]; sx q[86]; rz(-pi) q[87]; sx q[87]; ecr q[86],q[87]; rz(pi/2) q[86]; sx q[86]; rz(-pi) q[87]; sx q[87]; rz(pi/2) q[87]; ecr q[86],q[87]; rz(-pi/2) q[86]; sx q[86]; sx q[87]; rz(-pi/2) q[87]; ecr q[86],q[87]; sx q[86]; rz(pi/2) q[86]; ecr q[85],q[86]; x q[85]; rz(pi/2) q[87]; sx q[87]; rz(pi/2) q[87]; rz(pi/2) q[88]; sx q[88]; rz(pi/2) q[88]; rz(-pi/2) q[92]; sx q[92]; rz(-pi/2) q[102]; sx q[102]; rz(-pi) q[103]; sx q[103]; ecr q[102],q[103]; rz(pi/2) q[102]; sx q[102]; rz(-pi) q[103]; sx q[103]; rz(pi/2) q[103]; ecr q[102],q[103]; rz(-pi/2) q[102]; sx q[102]; sx q[103]; rz(-pi/2) q[103]; ecr q[102],q[103]; rz(-pi) q[102]; sx q[102]; ecr q[92],q[102]; rz(pi/2) q[92]; sx q[92]; rz(-pi) q[102]; sx q[102]; rz(pi/2) q[102]; ecr q[92],q[102]; rz(-pi/2) q[92]; sx q[92]; sx q[102]; rz(-pi/2) q[102]; ecr q[92],q[102]; rz(-pi) q[92]; sx q[92]; rz(pi/2) q[102]; sx q[102]; rz(pi/2) q[102]; rz(pi/2) q[103]; sx q[103]; rz(pi/2) q[103]; measure q[85] -> c[24]; rz(-pi/2) q[85]; ecr q[85],q[84]; sx q[84]; rz(-pi/2) q[84]; rz(-pi/2) q[85]; sx q[85]; ecr q[85],q[84]; rz(-pi) q[84]; sx q[84]; rz(pi/2) q[84]; rz(pi/2) q[85]; sx q[85]; ecr q[85],q[84]; rz(-pi/2) q[84]; ecr q[84],q[83]; sx q[83]; rz(-pi/2) q[83]; rz(-pi/2) q[84]; sx q[84]; ecr q[84],q[83]; rz(-pi) q[83]; sx q[83]; rz(pi/2) q[83]; rz(pi/2) q[84]; sx q[84]; ecr q[84],q[83]; rz(-pi/2) q[83]; sx q[83]; rz(-pi) q[83]; ecr q[83],q[92]; rz(pi/2) q[83]; sx q[83]; rz(pi/2) q[83]; rz(-pi) q[92]; measure q[92] -> c[25]; barrier q[4],q[5],q[1],q[14],q[3],q[15],q[2],q[113],q[37],q[52],q[56],q[69],q[60],q[59],q[38],q[13],q[99],q[19],q[11],q[17],q[106],q[122],q[77],q[85],q[95],q[42],q[123],q[76],q[21],q[96],q[35],q[115],q[47],q[51],q[100],q[126],q[9],q[121],q[125],q[89],q[28],q[55],q[45],q[7],q[27],q[8],q[16],q[111],q[6],q[26],q[116],q[110],q[40],q[112],q[90],q[36],q[58],q[65],q[41],q[61],q[57],q[81],q[82],q[32],q[103],q[64],q[102],q[84],q[22],q[75],q[25],q[104],q[79],q[62],q[71],q[80],q[18],q[30],q[20],q[48],q[72],q[50],q[0],q[10],q[124],q[23],q[118],q[97],q[98],q[70],q[93],q[119],q[39],q[108],q[94],q[91],q[46],q[44],q[53],q[12],q[68],q[34],q[66],q[33],q[67],q[78],q[31],q[120],q[43],q[109],q[54],q[29],q[63],q[49],q[74],q[105],q[88],q[87],q[73],q[86],q[83],q[92],q[24],q[117],q[101],q[114],q[107]; measure q[3] -> c[5]; measure q[4] -> c[4]; measure q[27] -> c[11]; measure q[28] -> c[10]; measure q[37] -> c[6]; measure q[58] -> c[12]; measure q[72] -> c[15]; measure q[79] -> c[14]; measure q[103] -> c[13]; measure q[65] -> c[28]; measure q[64] -> c[29]; measure q[62] -> c[30]; measure q[72] -> c[31];",
        [],
        1024
      ]
    ],
    "version": 2,
    "support_qiskit": false
  },
  "program": {
    "id": "sampler"
  },
  "created": "2025-06-01T04:42:53.134Z",
  "ended": "2025-06-01T04:43:00.219Z",
  "runtime": "",
  "cost": 600,
  "tags": [
    "Magnum opus4.0",
    "1024 shot",
    "Brisbane",
    "composer-info:composer:true",
    "composer-info:code-id:1ebd6eec59c12c5a9f4ecbc5111e17c44cc5d03539c7d8f7982696cbc06529ea",
    "composer-info:code-version-id:683bd3d013d422c6e90c0e44"
  ],
  "session_id": null,
  "usage": {
    "seconds": 0
  },
  "private": false,
  "user_id": "67ed858fef80b0ebb6c51676"
}